timestamp,temp_c
2025-01-03 00:00:00,19.974165289606294
2025-01-03 00:01:00,19.639442536445177
2025-01-03 00:02:00,20.021435886829654
2025-01-03 00:03:00,20.524002768913316
2025-01-03 00:04:00,20.905829374771436
2025-01-03 00:05:00,19.92145193244959
2025-01-03 00:06:00,20.665933577079457
2025-01-03 00:07:00,19.16453518463578
2025-01-03 00:08:00,19.71210468786811
2025-01-03 00:09:00,19.07812676728345
2025-01-03 00:10:00,20.306745766627667
2025-01-03 00:11:00,19.968857577571217
2025-01-03 00:12:00,20.19804236263805
2025-01-03 00:13:00,17.639933685226534
2025-01-03 00:14:00,20.578317369279116
2025-01-03 00:15:00,19.957625361558602
2025-01-03 00:16:00,20.446909411722643
2025-01-03 00:17:00,20.797344323191798
2025-01-03 00:18:00,19.62832799072675
2025-01-03 00:19:00,19.809811566480462
2025-01-03 00:20:00,19.298802968528875
2025-01-03 00:21:00,20.210852644384886
2025-01-03 00:22:00,21.320789807823168
2025-01-03 00:23:00,20.131101088141165
2025-01-03 00:24:00,13.89151531368909
2025-01-03 00:25:00,20.172766047124153
2025-01-03 00:26:00,19.908462575003085
2025-01-03 00:27:00,18.97929136299796
2025-01-03 00:28:00,24.58014358288533
2025-01-03 00:29:00,19.384015415120604
2025-01-03 00:30:00,20.988824366090384
2025-01-03 00:31:00,20.202826246466692
2025-01-03 00:32:00,18.417218142140328
2025-01-03 00:33:00,20.05830410939744
2025-01-03 00:34:00,20.482949745022456
2025-01-03 00:35:00,20.631380585349337
2025-01-03 00:36:00,19.496950242382276
2025-01-03 00:37:00,19.712831700544577
2025-01-03 00:38:00,24.32795338284064
2025-01-03 00:39:00,19.98998753174071
2025-01-03 00:40:00,22.153847474875025
2025-01-03 00:41:00,18.90804528931881
2025-01-03 00:42:00,20.85530381310938
2025-01-03 00:43:00,20.051070863068205
2025-01-03 00:44:00,19.46350425120366
2025-01-03 00:45:00,20.820467566367306
2025-01-03 00:46:00,19.47913354132199
2025-01-03 00:47:00,21.60052698573037
2025-01-03 00:48:00,20.210847137252628
2025-01-03 00:49:00,20.200849750968825
2025-01-03 00:50:00,20.43343184718199
2025-01-03 00:51:00,20.270412152579674
2025-01-03 00:52:00,20.368188407864007
2025-01-03 00:53:00,20.68643432215445
2025-01-03 00:54:00,20.293998837516796
2025-01-03 00:55:00,18.093803367965346
2025-01-03 00:56:00,19.293085559193166
2025-01-03 00:57:00,20.48404253174933
2025-01-03 00:58:00,19.787711867303265
2025-01-03 00:59:00,19.420739775433695
2025-01-03 01:00:00,19.394587260429606
2025-01-03 01:01:00,20.778440642593164
2025-01-03 01:02:00,19.429426857453805
2025-01-03 01:03:00,21.0666891117842
2025-01-03 01:04:00,19.788928509693836
2025-01-03 01:05:00,21.09111609598207
2025-01-03 01:06:00,21.90322563074114
2025-01-03 01:07:00,21.191173407796015
2025-01-03 01:08:00,20.30470892199766
2025-01-03 01:09:00,20.0582184040692
2025-01-03 01:10:00,21.70743489040128
2025-01-03 01:11:00,19.55134328372364
2025-01-03 01:12:00,19.797580269626422
2025-01-03 01:13:00,20.105179659860646
2025-01-03 01:14:00,20.483084199398398
2025-01-03 01:15:00,19.957722436482968
2025-01-03 01:16:00,19.647134298792828
2025-01-03 01:17:00,20.70771303460288
2025-01-03 01:18:00,20.934148372214924
2025-01-03 01:19:00,20.367568125084723
2025-01-03 01:20:00,19.041933714042557
2025-01-03 01:21:00,21.184944165355002
2025-01-03 01:22:00,20.318202037442873
2025-01-03 01:23:00,19.291425387373696
2025-01-03 01:24:00,19.841622949320083
2025-01-03 01:25:00,19.50866048100225
2025-01-03 01:26:00,18.7759160014964
2025-01-03 01:27:00,20.551564426624164
2025-01-03 01:28:00,19.870401932336527
2025-01-03 01:29:00,19.193876274427975
2025-01-03 01:30:00,19.083995682639095
2025-01-03 01:31:00,18.43791675084463
2025-01-03 01:32:00,19.90759235415718
2025-01-03 01:33:00,20.623889621452278
2025-01-03 01:34:00,19.761719486580816
2025-01-03 01:35:00,19.9991507894744
2025-01-03 01:36:00,21.080073359009045
2025-01-03 01:37:00,19.54205866311904
2025-01-03 01:38:00,13.65421574107069
2025-01-03 01:39:00,20.38851220514511
2025-01-03 01:40:00,20.233084901592843
2025-01-03 01:41:00,20.35510788071094
2025-01-03 01:42:00,20.19040537271298
2025-01-03 01:43:00,21.153115961923458
2025-01-03 01:44:00,19.926558479416553
2025-01-03 01:45:00,19.82857399830816
2025-01-03 01:46:00,21.324026257481727
2025-01-03 01:47:00,20.30413257076171
2025-01-03 01:48:00,20.209735383037295
2025-01-03 01:49:00,20.03485855748963
2025-01-03 01:50:00,20.607377287562578
2025-01-03 01:51:00,20.22464793246656
2025-01-03 01:52:00,20.690037658430903
2025-01-03 01:53:00,19.849991925294418
2025-01-03 01:54:00,20.602808704827208
2025-01-03 01:55:00,19.90380432092518
2025-01-03 01:56:00,20.465785370102427
2025-01-03 01:57:00,19.441196064896314
2025-01-03 01:58:00,20.818516697991708
2025-01-03 01:59:00,20.536519565543287
2025-01-03 02:00:00,20.37984613095576
2025-01-03 02:01:00,22.054946233810515
2025-01-03 02:02:00,20.118697469428852
2025-01-03 02:03:00,22.413084586507438
2025-01-03 02:04:00,20.004677982389495
2025-01-03 02:05:00,18.960966116242748
2025-01-03 02:06:00,20.227997503891768
2025-01-03 02:07:00,19.737712771521522
2025-01-03 02:08:00,19.740942152447285
2025-01-03 02:09:00,24.385489243043903
2025-01-03 02:10:00,20.614886780704282
2025-01-03 02:11:00,20.202430324762485
2025-01-03 02:12:00,19.736965730321806
2025-01-03 02:13:00,20.38916019416161
2025-01-03 02:14:00,20.219618106693602
2025-01-03 02:15:00,20.456879663869014
2025-01-03 02:16:00,20.465544295614002
2025-01-03 02:17:00,22.016416443484015
2025-01-03 02:18:00,21.44980512159287
2025-01-03 02:19:00,19.77838467351318
2025-01-03 02:20:00,20.811705556757396
2025-01-03 02:21:00,19.815753987130236
2025-01-03 02:22:00,20.1582432211311
2025-01-03 02:23:00,20.27334607525129
2025-01-03 02:24:00,20.660249059370805
2025-01-03 02:25:00,20.276390896008753
2025-01-03 02:26:00,20.454081397432972
2025-01-03 02:27:00,20.349303774556823
2025-01-03 02:28:00,21.316860812033408
2025-01-03 02:29:00,18.046025276710306
2025-01-03 02:30:00,20.747113361431513
2025-01-03 02:31:00,22.153556784789025
2025-01-03 02:32:00,21.571572125399943
2025-01-03 02:33:00,20.570115760589918
2025-01-03 02:34:00,21.40687610517313
2025-01-03 02:35:00,22.94461116405388
2025-01-03 02:36:00,20.203647424734413
2025-01-03 02:37:00,19.663307923460945
2025-01-03 02:38:00,22.668831239227902
2025-01-03 02:39:00,22.514590180102047
2025-01-03 02:40:00,20.401612427108976
2025-01-03 02:41:00,19.30322697372244
2025-01-03 02:42:00,21.19636366321036
2025-01-03 02:43:00,20.263384893292162
2025-01-03 02:44:00,20.895409498686934
2025-01-03 02:45:00,20.578814970199517
2025-01-03 02:46:00,20.062056115927213
2025-01-03 02:47:00,19.3349561952265
2025-01-03 02:48:00,19.244367058319426
2025-01-03 02:49:00,19.984322297649733
2025-01-03 02:50:00,19.84402066952867
2025-01-03 02:51:00,20.71843947552775
2025-01-03 02:52:00,20.48965033670053
2025-01-03 02:53:00,22.869159294821586
2025-01-03 02:54:00,18.340702940979646
2025-01-03 02:55:00,18.897643536810268
2025-01-03 02:56:00,19.271985199108464
2025-01-03 02:57:00,21.86312776260731
2025-01-03 02:58:00,20.188434715082366
2025-01-03 02:59:00,21.228761461561167
2025-01-03 03:00:00,19.791890864989732
2025-01-03 03:01:00,21.143590988199072
2025-01-03 03:02:00,21.175924745486203
2025-01-03 03:03:00,19.626598573708744
2025-01-03 03:04:00,20.646656567769284
2025-01-03 03:05:00,20.712181474772578
2025-01-03 03:06:00,20.008896334966515
2025-01-03 03:07:00,21.072780629409245
2025-01-03 03:08:00,21.438875750851558
2025-01-03 03:09:00,19.103338726415117
2025-01-03 03:10:00,26.670329528292616
2025-01-03 03:11:00,20.280931231876078
2025-01-03 03:12:00,19.443356244892193
2025-01-03 03:13:00,20.976946075419367
2025-01-03 03:14:00,20.635948698329894
2025-01-03 03:15:00,20.18103200126276
2025-01-03 03:16:00,20.65513310586337
2025-01-03 03:17:00,21.137359648325162
2025-01-03 03:18:00,20.358955189056758
2025-01-03 03:19:00,20.308739928574308
2025-01-03 03:20:00,20.42986167368884
2025-01-03 03:21:00,20.849551601138412
2025-01-03 03:22:00,20.682287151862432
2025-01-03 03:23:00,19.90481414754101
2025-01-03 03:24:00,20.138693892424754
2025-01-03 03:25:00,20.338373231169598
2025-01-03 03:26:00,19.437143571233385
2025-01-03 03:27:00,19.847924382424694
2025-01-03 03:28:00,20.261298951451312
2025-01-03 03:29:00,19.75897385067619
2025-01-03 03:30:00,19.813675809366234
2025-01-03 03:31:00,21.17456055922425
2025-01-03 03:32:00,20.558511428491432
2025-01-03 03:33:00,20.99230100704533
2025-01-03 03:34:00,20.54622405484452
2025-01-03 03:35:00,19.443922191407506
2025-01-03 03:36:00,21.59403191590968
2025-01-03 03:37:00,20.163112256279707
2025-01-03 03:38:00,20.29173299121539
2025-01-03 03:39:00,18.50960262145507
2025-01-03 03:40:00,20.159928000447728
2025-01-03 03:41:00,20.470210485143877
2025-01-03 03:42:00,20.66048576628197
2025-01-03 03:43:00,19.396969768004688
2025-01-03 03:44:00,20.06730796000102
2025-01-03 03:45:00,20.586492239919195
2025-01-03 03:46:00,21.0098677273181
2025-01-03 03:47:00,20.058360796145966
2025-01-03 03:48:00,24.891792493445408
2025-01-03 03:49:00,20.522986487837006
2025-01-03 03:50:00,20.7859230857287
2025-01-03 03:51:00,22.278616250857812
2025-01-03 03:52:00,20.605764497794336
2025-01-03 03:53:00,21.194690479636556
2025-01-03 03:54:00,20.536159177016234
2025-01-03 03:55:00,21.494285756764942
2025-01-03 03:56:00,19.952743246467247
2025-01-03 03:57:00,20.186972396588352
2025-01-03 03:58:00,20.019041315138747
2025-01-03 03:59:00,22.951040295172227
2025-01-03 04:00:00,20.613900095784697
2025-01-03 04:01:00,20.26430832332854
2025-01-03 04:02:00,21.057975164609058
2025-01-03 04:03:00,19.804940578687493
2025-01-03 04:04:00,17.363616476889405
2025-01-03 04:05:00,20.167343164916048
2025-01-03 04:06:00,19.576865299862526
2025-01-03 04:07:00,19.946937402830528
2025-01-03 04:08:00,20.268124873153138
2025-01-03 04:09:00,20.879161569131313
2025-01-03 04:10:00,21.37591789137305
2025-01-03 04:11:00,20.470754155562698
2025-01-03 04:12:00,20.106802561151408
2025-01-03 04:13:00,19.98061782162039
2025-01-03 04:14:00,20.529278467564886
2025-01-03 04:15:00,19.98714301647945
2025-01-03 04:16:00,20.722453680569608
2025-01-03 04:17:00,20.933956452455114
2025-01-03 04:18:00,20.707782717245866
2025-01-03 04:19:00,19.63114653250125
2025-01-03 04:20:00,21.21804583877186
2025-01-03 04:21:00,21.114612150313906
2025-01-03 04:22:00,20.730441317382116
2025-01-03 04:23:00,20.460512999757132
2025-01-03 04:24:00,20.319223024488387
2025-01-03 04:25:00,19.247070723110575
2025-01-03 04:26:00,20.5103282118458
2025-01-03 04:27:00,19.57392615094217
2025-01-03 04:28:00,20.553674613495573
2025-01-03 04:29:00,20.687695152161808
2025-01-03 04:30:00,19.187179058725658
2025-01-03 04:31:00,20.808685015164656
2025-01-03 04:32:00,23.297143688965427
2025-01-03 04:33:00,20.55969174009679
2025-01-03 04:34:00,19.916355937159683
2025-01-03 04:35:00,20.751939896006647
2025-01-03 04:36:00,21.69482408402628
2025-01-03 04:37:00,20.582639155555928
2025-01-03 04:38:00,20.84305523852898
2025-01-03 04:39:00,21.406309055777385
2025-01-03 04:40:00,21.33410459767406
2025-01-03 04:41:00,20.11855236636646
2025-01-03 04:42:00,20.84496080324843
2025-01-03 04:43:00,19.991144164674733
2025-01-03 04:44:00,21.20969594596776
2025-01-03 04:45:00,20.482013839602033
2025-01-03 04:46:00,20.140069776647866
2025-01-03 04:47:00,19.96107316020981
2025-01-03 04:48:00,19.676381460256273
2025-01-03 04:49:00,24.096516959665855
2025-01-03 04:50:00,20.498803760012354
2025-01-03 04:51:00,21.339109428162388
2025-01-03 04:52:00,20.59580308331674
2025-01-03 04:53:00,20.832321238002827
2025-01-03 04:54:00,20.353673260754086
2025-01-03 04:55:00,18.48624550141232
2025-01-03 04:56:00,20.919246158260954
2025-01-03 04:57:00,20.40317328960696
2025-01-03 04:58:00,19.127049635519715
2025-01-03 04:59:00,20.333560445289915
2025-01-03 05:00:00,21.457076300541924
2025-01-03 05:01:00,19.558892892893905
2025-01-03 05:02:00,20.254525007644332
2025-01-03 05:03:00,20.721934880881488
2025-01-03 05:04:00,20.623671650944086
2025-01-03 05:05:00,18.301196843709906
2025-01-03 05:06:00,20.953364744618572
2025-01-03 05:07:00,21.346256065448486
2025-01-03 05:08:00,20.323323123477866
2025-01-03 05:09:00,18.121466810993354
2025-01-03 05:10:00,20.924075842375306
2025-01-03 05:11:00,20.4816137143216
2025-01-03 05:12:00,21.84574164348782
2025-01-03 05:13:00,20.86906401662063
2025-01-03 05:14:00,19.912518579784013
2025-01-03 05:15:00,20.4665255211757
2025-01-03 05:16:00,19.531483942575427
2025-01-03 05:17:00,21.520548111373298
2025-01-03 05:18:00,19.709409253008424
2025-01-03 05:19:00,21.66146972676387
2025-01-03 05:20:00,16.724415440649935
2025-01-03 05:21:00,20.943397041413586
2025-01-03 05:22:00,17.80789558010269
2025-01-03 05:23:00,20.87234185210001
2025-01-03 05:24:00,19.165608933476147
2025-01-03 05:25:00,20.53664120871893
2025-01-03 05:26:00,20.172216014417433
2025-01-03 05:27:00,21.27473042030526
2025-01-03 05:28:00,19.78210169207733
2025-01-03 05:29:00,20.085846360240886
2025-01-03 05:30:00,16.057137288989686
2025-01-03 05:31:00,20.695484795260093
2025-01-03 05:32:00,23.085523429229713
2025-01-03 05:33:00,17.418109686725955
2025-01-03 05:34:00,20.863337941969412
2025-01-03 05:35:00,20.843174771197265
2025-01-03 05:36:00,14.798548502017614
2025-01-03 05:37:00,20.98162240051489
2025-01-03 05:38:00,20.795784822371274
2025-01-03 05:39:00,20.44567082176329
2025-01-03 05:40:00,21.004352305737637
2025-01-03 05:41:00,20.82318609869692
2025-01-03 05:42:00,21.30496150327967
2025-01-03 05:43:00,20.80125033570691
2025-01-03 05:44:00,21.5309104607752
2025-01-03 05:45:00,19.727416712540375
2025-01-03 05:46:00,21.466736447365758
2025-01-03 05:47:00,20.281998144366796
2025-01-03 05:48:00,20.688827509248988
2025-01-03 05:49:00,20.03332795284397
2025-01-03 05:50:00,22.16192330719821
2025-01-03 05:51:00,21.80508380807498
2025-01-03 05:52:00,20.52637912136442
2025-01-03 05:53:00,21.21381965560316
2025-01-03 05:54:00,20.458914712840233
2025-01-03 05:55:00,18.798537686388652
2025-01-03 05:56:00,21.67734744774347
2025-01-03 05:57:00,21.1330234103045
2025-01-03 05:58:00,20.85709177878936
2025-01-03 05:59:00,20.175203638788673
2025-01-03 06:00:00,20.991114564508518
2025-01-03 06:01:00,20.96991714175943
2025-01-03 06:02:00,21.06757864880835
2025-01-03 06:03:00,21.023656168553153
2025-01-03 06:04:00,20.279163627158148
2025-01-03 06:05:00,22.651172893402183
2025-01-03 06:06:00,21.58843872545272
2025-01-03 06:07:00,21.981561750372144
2025-01-03 06:08:00,20.62758864384521
2025-01-03 06:09:00,21.129418729567494
2025-01-03 06:10:00,20.290550430364707
2025-01-03 06:11:00,18.381959282337043
2025-01-03 06:12:00,20.31359749279049
2025-01-03 06:13:00,21.423945207241733
2025-01-03 06:14:00,20.4495310274264
2025-01-03 06:15:00,20.927176020825378
2025-01-03 06:16:00,20.609525680107577
2025-01-03 06:17:00,21.61035483740623
2025-01-03 06:18:00,20.371613695362655
2025-01-03 06:19:00,21.23289917877092
2025-01-03 06:20:00,23.274257677865933
2025-01-03 06:21:00,21.335019976405423
2025-01-03 06:22:00,22.43396677043524
2025-01-03 06:23:00,21.41296525255584
2025-01-03 06:24:00,21.00020484171332
2025-01-03 06:25:00,20.51940076906577
2025-01-03 06:26:00,20.559455032064392
2025-01-03 06:27:00,19.683658257480346
2025-01-03 06:28:00,20.118492791441895
2025-01-03 06:29:00,20.61060862582648
2025-01-03 06:30:00,22.395585208959652
2025-01-03 06:31:00,20.531624002266415
2025-01-03 06:32:00,22.47459945968724
2025-01-03 06:33:00,19.274082091761844
2025-01-03 06:34:00,20.961236662571388
2025-01-03 06:35:00,21.63840251751826
2025-01-03 06:36:00,21.000511901841204
2025-01-03 06:37:00,21.09844522571394
2025-01-03 06:38:00,21.025359015346577
2025-01-03 06:39:00,21.639576862991927
2025-01-03 06:40:00,22.590987516542736
2025-01-03 06:41:00,20.664063737540044
2025-01-03 06:42:00,21.090815566515108
2025-01-03 06:43:00,20.35240471325763
2025-01-03 06:44:00,20.825920941446498
2025-01-03 06:45:00,20.837251675978717
2025-01-03 06:46:00,21.004784509791367
2025-01-03 06:47:00,21.335914949686767
2025-01-03 06:48:00,19.132150231654244
2025-01-03 06:49:00,22.416960783776545
2025-01-03 06:50:00,21.614475511979325
2025-01-03 06:51:00,18.925097469710177
2025-01-03 06:52:00,20.98532405980002
2025-01-03 06:53:00,20.975062574850337
2025-01-03 06:54:00,21.482833277039614
2025-01-03 06:55:00,20.007286209575042
2025-01-03 06:56:00,22.79024279790864
2025-01-03 06:57:00,20.499849417577842
2025-01-03 06:58:00,20.71508677433012
2025-01-03 06:59:00,20.825805322257455
2025-01-03 07:00:00,21.022783441375083
2025-01-03 07:01:00,20.432800120299973
2025-01-03 07:02:00,20.492177252006776
2025-01-03 07:03:00,20.769451050386454
2025-01-03 07:04:00,20.939002965019487
2025-01-03 07:05:00,20.84231233072659
2025-01-03 07:06:00,20.583243833201525
2025-01-03 07:07:00,20.174498496612113
2025-01-03 07:08:00,20.864114924386104
2025-01-03 07:09:00,21.3517035115869
2025-01-03 07:10:00,16.296246278666032
2025-01-03 07:11:00,18.88771974867649
2025-01-03 07:12:00,25.448201042329167
2025-01-03 07:13:00,21.5824396114601
2025-01-03 07:14:00,20.357444667779333
2025-01-03 07:15:00,25.109403112293062
2025-01-03 07:16:00,21.2500641609858
2025-01-03 07:17:00,20.484920733822115
2025-01-03 07:18:00,20.517641873927815
2025-01-03 07:19:00,20.37669217375043
2025-01-03 07:20:00,21.02510742840255
2025-01-03 07:21:00,21.730966752081986
2025-01-03 07:22:00,19.120504151452437
2025-01-03 07:23:00,20.18671533557135
2025-01-03 07:24:00,20.443472764591185
2025-01-03 07:25:00,20.49637023907796
2025-01-03 07:26:00,28.646656627579425
2025-01-03 07:27:00,20.486956441454474
2025-01-03 07:28:00,22.999526528697427
2025-01-03 07:29:00,18.790552570315548
2025-01-03 07:30:00,20.743892511808607
2025-01-03 07:31:00,20.2520612818298
2025-01-03 07:32:00,19.768332184889847
2025-01-03 07:33:00,20.689166926808205
2025-01-03 07:34:00,21.286684773534635
2025-01-03 07:35:00,20.72774779134294
2025-01-03 07:36:00,20.863913780001152
2025-01-03 07:37:00,20.91721419026281
2025-01-03 07:38:00,26.514757072208045
2025-01-03 07:39:00,22.317318098126396
2025-01-03 07:40:00,22.66356437583622
2025-01-03 07:41:00,21.55350452074438
2025-01-03 07:42:00,20.45101592246811
2025-01-03 07:43:00,20.215147501695583
2025-01-03 07:44:00,21.05361245268129
2025-01-03 07:45:00,21.3789297712565
2025-01-03 07:46:00,20.037514874363147
2025-01-03 07:47:00,21.36325017021323
2025-01-03 07:48:00,20.722272352462102
2025-01-03 07:49:00,16.242646547315438
2025-01-03 07:50:00,21.676985304987582
2025-01-03 07:51:00,19.103142177372675
2025-01-03 07:52:00,21.40447543450565
2025-01-03 07:53:00,20.972498875411038
2025-01-03 07:54:00,20.513155403779198
2025-01-03 07:55:00,20.50255240278367
2025-01-03 07:56:00,18.88212033570467
2025-01-03 07:57:00,21.310257414015965
2025-01-03 07:58:00,21.022066351890214
2025-01-03 07:59:00,20.968785907532613
2025-01-03 08:00:00,21.44119305814593
2025-01-03 08:01:00,20.914808592722192
2025-01-03 08:02:00,21.691530110658483
2025-01-03 08:03:00,21.254411913176774
2025-01-03 08:04:00,21.113244182894103
2025-01-03 08:05:00,20.346924653953984
2025-01-03 08:06:00,24.44782856393713
2025-01-03 08:07:00,20.486491798617255
2025-01-03 08:08:00,20.813333517817973
2025-01-03 08:09:00,20.990472529679487
2025-01-03 08:10:00,21.903345844683663
2025-01-03 08:11:00,21.2809630535508
2025-01-03 08:12:00,21.773886550535032
2025-01-03 08:13:00,22.975064450471926
2025-01-03 08:14:00,20.90706601509998
2025-01-03 08:15:00,21.068539216744206
2025-01-03 08:16:00,21.52112074058691
2025-01-03 08:17:00,20.870651455645216
2025-01-03 08:18:00,20.049341469352125
2025-01-03 08:19:00,20.643864379294843
2025-01-03 08:20:00,24.641201592448645
2025-01-03 08:21:00,21.757344149668626
2025-01-03 08:22:00,21.05651784409067
2025-01-03 08:23:00,21.473890977239613
2025-01-03 08:24:00,22.3638353634362
2025-01-03 08:25:00,21.232360971558208
2025-01-03 08:26:00,20.8427344895429
2025-01-03 08:27:00,21.267252006739863
2025-01-03 08:28:00,21.527897255401914
2025-01-03 08:29:00,19.148966167664582
2025-01-03 08:30:00,21.597583471871825
2025-01-03 08:31:00,21.309703157309702
2025-01-03 08:32:00,20.182233872243383
2025-01-03 08:33:00,19.157183971561974
2025-01-03 08:34:00,18.356895456342105
2025-01-03 08:35:00,21.031001835954555
2025-01-03 08:36:00,21.446136852687356
2025-01-03 08:37:00,21.012718256278102
2025-01-03 08:38:00,20.752428956225106
2025-01-03 08:39:00,21.730034922966706
2025-01-03 08:40:00,21.354274672840045
2025-01-03 08:41:00,20.704615512981942
2025-01-03 08:42:00,20.954984483569437
2025-01-03 08:43:00,20.672526149409958
2025-01-03 08:44:00,20.997335646607716
2025-01-03 08:45:00,22.072544359359725
2025-01-03 08:46:00,21.1425063884035
2025-01-03 08:47:00,20.868330853911242
2025-01-03 08:48:00,21.152658187540894
2025-01-03 08:49:00,20.597038927286732
2025-01-03 08:50:00,20.419540164665555
2025-01-03 08:51:00,21.184135751338484
2025-01-03 08:52:00,25.80088378208924
2025-01-03 08:53:00,22.42444127022583
2025-01-03 08:54:00,21.08791546905493
2025-01-03 08:55:00,21.590640729594277
2025-01-03 08:56:00,21.288175053960703
2025-01-03 08:57:00,21.193001788422073
2025-01-03 08:58:00,21.01393142543809
2025-01-03 08:59:00,20.90443534153527
2025-01-03 09:00:00,20.778493375841492
2025-01-03 09:01:00,20.665429418872918
2025-01-03 09:02:00,19.715056504313964
2025-01-03 09:03:00,21.53704223475395
2025-01-03 09:04:00,21.004472318587347
2025-01-03 09:05:00,21.375691143302838
2025-01-03 09:06:00,20.80701279620477
2025-01-03 09:07:00,20.016886414530155
2025-01-03 09:08:00,21.209814721650538
2025-01-03 09:09:00,21.84369474925493
2025-01-03 09:10:00,21.711812554137044
2025-01-03 09:11:00,20.242776278561717
2025-01-03 09:12:00,20.51081500729139
2025-01-03 09:13:00,21.918742972488484
2025-01-03 09:14:00,21.1378191572669
2025-01-03 09:15:00,22.073349525014844
2025-01-03 09:16:00,20.926978869508968
2025-01-03 09:17:00,20.042725506271843
2025-01-03 09:18:00,23.159008631866797
2025-01-03 09:19:00,21.04065335908177
2025-01-03 09:20:00,20.613424970384724
2025-01-03 09:21:00,21.878248247753472
2025-01-03 09:22:00,21.096435300333706
2025-01-03 09:23:00,22.027973580822852
2025-01-03 09:24:00,19.594789770684816
2025-01-03 09:25:00,19.74015959371353
2025-01-03 09:26:00,21.072458113670724
2025-01-03 09:27:00,21.220975306662393
2025-01-03 09:28:00,20.929603175337807
2025-01-03 09:29:00,20.882408934156942
2025-01-03 09:30:00,21.790751686615643
2025-01-03 09:31:00,20.71902819690659
2025-01-03 09:32:00,21.141036035006948
2025-01-03 09:33:00,20.93907099143002
2025-01-03 09:34:00,19.874297797925337
2025-01-03 09:35:00,20.153138735832133
2025-01-03 09:36:00,21.404823957331438
2025-01-03 09:37:00,20.754930302400915
2025-01-03 09:38:00,21.619745432808703
2025-01-03 09:39:00,21.01750554395519
2025-01-03 09:40:00,20.77826630296514
2025-01-03 09:41:00,20.22964643756744
2025-01-03 09:42:00,21.3519608865896
2025-01-03 09:43:00,21.25740128470418
2025-01-03 09:44:00,21.070795574950502
2025-01-03 09:45:00,21.349623799806864
2025-01-03 09:46:00,21.487577138563196
2025-01-03 09:47:00,21.442113185635623
2025-01-03 09:48:00,20.34840472758483
2025-01-03 09:49:00,21.555487266026063
2025-01-03 09:50:00,20.447761088057074
2025-01-03 09:51:00,20.12167962598669
2025-01-03 09:52:00,21.05378153755077
2025-01-03 09:53:00,20.155762946935987
2025-01-03 09:54:00,21.191150095856475
2025-01-03 09:55:00,20.791782858002076
2025-01-03 09:56:00,21.085062099969434
2025-01-03 09:57:00,21.176425174779045
2025-01-03 09:58:00,21.685864264822534
2025-01-03 09:59:00,20.794964052444993
2025-01-03 10:00:00,21.828491143326097
2025-01-03 10:01:00,20.926051539694782
2025-01-03 10:02:00,20.3155637403918
2025-01-03 10:03:00,21.84028108169474
2025-01-03 10:04:00,25.532853822253344
2025-01-03 10:05:00,16.266172257809092
2025-01-03 10:06:00,20.68941392644056
2025-01-03 10:07:00,20.249655970190272
2025-01-03 10:08:00,20.678392129156382
2025-01-03 10:09:00,18.788633273741127
2025-01-03 10:10:00,20.635310111007602
2025-01-03 10:11:00,21.019626267837328
2025-01-03 10:12:00,21.57589776455623
2025-01-03 10:13:00,21.861591268553504
2025-01-03 10:14:00,20.940352641137675
2025-01-03 10:15:00,22.175923395301258
2025-01-03 10:16:00,21.260900075911795
2025-01-03 10:17:00,21.306815647498873
2025-01-03 10:18:00,20.979158290390288
2025-01-03 10:19:00,21.07255151155065
2025-01-03 10:20:00,21.286699052355445
2025-01-03 10:21:00,21.732117588714463
2025-01-03 10:22:00,22.372774247115508
2025-01-03 10:23:00,20.876074072356133
2025-01-03 10:24:00,20.791908658521123
2025-01-03 10:25:00,21.38079448117837
2025-01-03 10:26:00,20.63181924398258
2025-01-03 10:27:00,21.022737175397094
2025-01-03 10:28:00,21.50898695912613
2025-01-03 10:29:00,22.150165342141705
2025-01-03 10:30:00,21.253516839776477
2025-01-03 10:31:00,21.262014717338477
2025-01-03 10:32:00,22.24654266859424
2025-01-03 10:33:00,23.5266651000713
2025-01-03 10:34:00,19.717940790600036
2025-01-03 10:35:00,21.160176898035207
2025-01-03 10:36:00,21.299945230635675
2025-01-03 10:37:00,19.40640958854003
2025-01-03 10:38:00,20.379429701556855
2025-01-03 10:39:00,20.2679166404324
2025-01-03 10:40:00,36.982160804243115
2025-01-03 10:41:00,21.28639419542745
2025-01-03 10:42:00,21.977375118456443
2025-01-03 10:43:00,19.92896676621566
2025-01-03 10:44:00,21.43123587771717
2025-01-03 10:45:00,20.733430028551876
2025-01-03 10:46:00,20.803218525819386
2025-01-03 10:47:00,21.554208288328777
2025-01-03 10:48:00,21.0732280463073
2025-01-03 10:49:00,19.539018874371095
2025-01-03 10:50:00,20.615619258390108
2025-01-03 10:51:00,21.286845166233256
2025-01-03 10:52:00,20.70217127464244
2025-01-03 10:53:00,20.774174053986446
2025-01-03 10:54:00,21.75519440792279
2025-01-03 10:55:00,21.255799300239204
2025-01-03 10:56:00,21.297110359018642
2025-01-03 10:57:00,21.076113793732073
2025-01-03 10:58:00,20.793269140896744
2025-01-03 10:59:00,21.31113957219604
2025-01-03 11:00:00,20.20245255107512
2025-01-03 11:01:00,20.838718987539863
2025-01-03 11:02:00,21.528327469482374
2025-01-03 11:03:00,21.498593453631894
2025-01-03 11:04:00,21.313636881297533
2025-01-03 11:05:00,21.65641260855127
2025-01-03 11:06:00,18.967243059886837
2025-01-03 11:07:00,21.57993406499558
2025-01-03 11:08:00,21.61706957716306
2025-01-03 11:09:00,20.587228876152192
2025-01-03 11:10:00,21.10119854834949
2025-01-03 11:11:00,20.93573525137864
2025-01-03 11:12:00,22.115626304133023
2025-01-03 11:13:00,22.178281448285265
2025-01-03 11:14:00,21.569840619233357
2025-01-03 11:15:00,20.912873796825146
2025-01-03 11:16:00,20.781590611140775
2025-01-03 11:17:00,21.348712695877072
2025-01-03 11:18:00,21.233503615825104
2025-01-03 11:19:00,16.28465852564317
2025-01-03 11:20:00,20.960696234165546
2025-01-03 11:21:00,19.87600415844709
2025-01-03 11:22:00,21.368700405691705
2025-01-03 11:23:00,21.438596877830143
2025-01-03 11:24:00,21.80192239014901
2025-01-03 11:25:00,21.447326475985133
2025-01-03 11:26:00,21.035333937476462
2025-01-03 11:27:00,17.711836294991052
2025-01-03 11:28:00,26.605590397663175
2025-01-03 11:29:00,21.81270682173293
2025-01-03 11:30:00,21.1493512525927
2025-01-03 11:31:00,19.409425626299857
2025-01-03 11:32:00,22.482438806196164
2025-01-03 11:33:00,21.1809955832547
2025-01-03 11:34:00,21.745057329867606
2025-01-03 11:35:00,23.75511389889584
2025-01-03 11:36:00,20.62900212926841
2025-01-03 11:37:00,21.42507374678958
2025-01-03 11:38:00,21.54969370199891
2025-01-03 11:39:00,21.32520961339633
2025-01-03 11:40:00,21.496578587111607
2025-01-03 11:41:00,22.122409885659746
2025-01-03 11:42:00,20.596543587418033
2025-01-03 11:43:00,21.294048070094178
2025-01-03 11:44:00,21.509700993762856
2025-01-03 11:45:00,20.94159580349735
2025-01-03 11:46:00,21.318447469628875
2025-01-03 11:47:00,21.302614032540607
2025-01-03 11:48:00,22.46451616819969
2025-01-03 11:49:00,17.69736682908066
2025-01-03 11:50:00,22.374189431658515
2025-01-03 11:51:00,21.7345497062349
2025-01-03 11:52:00,20.526625031589756
2025-01-03 11:53:00,21.67290585531752
2025-01-03 11:54:00,21.209280116217187
2025-01-03 11:55:00,18.137785670132097
2025-01-03 11:56:00,21.193590780382074
2025-01-03 11:57:00,21.50445549842864
2025-01-03 11:58:00,21.313497116115933
2025-01-03 11:59:00,21.883890817187392
2025-01-03 12:00:00,23.702375691834433
2025-01-03 12:01:00,21.576766470417535
2025-01-03 12:02:00,21.986215486671455
2025-01-03 12:03:00,19.960757190310655
2025-01-03 12:04:00,20.00799415905369
2025-01-03 12:05:00,21.258619948667747
2025-01-03 12:06:00,21.808591297536175
2025-01-03 12:07:00,22.527807202199956
2025-01-03 12:08:00,21.383948218864287
2025-01-03 12:09:00,20.706219501705736
2025-01-03 12:10:00,21.17932330497148
2025-01-03 12:11:00,21.662758504701625
2025-01-03 12:12:00,21.931954994030477
2025-01-03 12:13:00,25.193165736457303
2025-01-03 12:14:00,23.24645171837164
2025-01-03 12:15:00,20.861556287327343
2025-01-03 12:16:00,21.361112845289625
2025-01-03 12:17:00,21.423421525991678
2025-01-03 12:18:00,24.1058845021181
2025-01-03 12:19:00,22.175315988887206
2025-01-03 12:20:00,21.931926487124617
2025-01-03 12:21:00,21.207735578049434
2025-01-03 12:22:00,19.318617637583685
2025-01-03 12:23:00,21.34354256040188
2025-01-03 12:24:00,22.34193433119338
2025-01-03 12:25:00,27.14785972579057
2025-01-03 12:26:00,22.942966767168194
2025-01-03 12:27:00,21.723069513685644
2025-01-03 12:28:00,21.753547090707563
2025-01-03 12:29:00,20.816001570743687
2025-01-03 12:30:00,21.794988554007844
2025-01-03 12:31:00,22.3675335951228
2025-01-03 12:32:00,21.724128542356144
2025-01-03 12:33:00,21.500478330023977
2025-01-03 12:34:00,20.659787610681008
2025-01-03 12:35:00,23.08806299751396
2025-01-03 12:36:00,21.065452940957673
2025-01-03 12:37:00,21.778908386157386
2025-01-03 12:38:00,22.204479630420675
2025-01-03 12:39:00,20.992378364449024
2025-01-03 12:40:00,22.354344095987898
2025-01-03 12:41:00,21.43163236709732
2025-01-03 12:42:00,21.379774485879285
2025-01-03 12:43:00,23.98833147731314
2025-01-03 12:44:00,21.581322077610967
2025-01-03 12:45:00,21.159818906782817
2025-01-03 12:46:00,15.67768017750759
2025-01-03 12:47:00,20.737948652614186
2025-01-03 12:48:00,22.085850093852713
2025-01-03 12:49:00,22.235370163947515
2025-01-03 12:50:00,16.793250378334783
2025-01-03 12:51:00,21.396600073060906
2025-01-03 12:52:00,21.392095560471258
2025-01-03 12:53:00,21.356079250394274
2025-01-03 12:54:00,22.78723203044073
2025-01-03 12:55:00,21.201787632881196
2025-01-03 12:56:00,21.428809113544176
2025-01-03 12:57:00,22.18455769571265
2025-01-03 12:58:00,20.72098272892631
2025-01-03 12:59:00,22.210294499199833
2025-01-03 13:00:00,21.188086644983418
2025-01-03 13:01:00,21.548926559763416
2025-01-03 13:02:00,21.296594677536124
2025-01-03 13:03:00,22.554538199304144
2025-01-03 13:04:00,22.021239367419614
2025-01-03 13:05:00,21.493367158824128
2025-01-03 13:06:00,21.648900688628625
2025-01-03 13:07:00,16.44313421844333
2025-01-03 13:08:00,21.11405233873883
2025-01-03 13:09:00,22.072006351413652
2025-01-03 13:10:00,21.49384155285022
2025-01-03 13:11:00,22.253038939147377
2025-01-03 13:12:00,22.797088058041492
2025-01-03 13:13:00,20.93654493148511
2025-01-03 13:14:00,22.055262767240514
2025-01-03 13:15:00,21.647932485205345
2025-01-03 13:16:00,22.425634216304687
2025-01-03 13:17:00,22.102726256996448
2025-01-03 13:18:00,22.328165646468072
2025-01-03 13:19:00,20.507525551818308
2025-01-03 13:20:00,21.64739727834066
2025-01-03 13:21:00,20.227210773994784
2025-01-03 13:22:00,21.189083300434383
2025-01-03 13:23:00,20.022857498508678
2025-01-03 13:24:00,21.311548460644293
2025-01-03 13:25:00,21.245667843696054
2025-01-03 13:26:00,21.71186904253902
2025-01-03 13:27:00,21.201839877947037
2025-01-03 13:28:00,20.199722109475427
2025-01-03 13:29:00,21.79370376926521
2025-01-03 13:30:00,22.705249583493803
2025-01-03 13:31:00,21.94298950652774
2025-01-03 13:32:00,21.557128724165995
2025-01-03 13:33:00,20.960296113538522
2025-01-03 13:34:00,21.81882882936499
2025-01-03 13:35:00,17.675581256756736
2025-01-03 13:36:00,25.758385830968614
2025-01-03 13:37:00,21.898681770398106
2025-01-03 13:38:00,21.755974743405705
2025-01-03 13:39:00,22.4289948688423
2025-01-03 13:40:00,21.475384313665774
2025-01-03 13:41:00,22.18127738869931
2025-01-03 13:42:00,21.58131867536745
2025-01-03 13:43:00,12.328878946164512
2025-01-03 13:44:00,22.600292216544112
2025-01-03 13:45:00,16.954761250860088
2025-01-03 13:46:00,21.95931962965891
2025-01-03 13:47:00,21.22166024472277
2025-01-03 13:48:00,21.64152694244681
2025-01-03 13:49:00,25.989436395270868
2025-01-03 13:50:00,23.81055263224911
2025-01-03 13:51:00,21.970151685368158
2025-01-03 13:52:00,19.8965875818015
2025-01-03 13:53:00,20.76712932861114
2025-01-03 13:54:00,17.39913777896902
2025-01-03 13:55:00,23.6409239606973
2025-01-03 13:56:00,22.044773659625314
2025-01-03 13:57:00,21.889960894940543
2025-01-03 13:58:00,21.225879143576766
2025-01-03 13:59:00,22.608556155727054
2025-01-03 14:00:00,20.594971509196927
2025-01-03 14:01:00,21.755388708622615
2025-01-03 14:02:00,21.266775779994717
2025-01-03 14:03:00,16.635237232333182
2025-01-03 14:04:00,20.63165144269476
2025-01-03 14:05:00,21.1880363523482
2025-01-03 14:06:00,24.54098887430933
2025-01-03 14:07:00,23.680780610207425
2025-01-03 14:08:00,23.83124908951128
2025-01-03 14:09:00,21.26569811465562
2025-01-03 14:10:00,22.346204550869135
2025-01-03 14:11:00,23.741548522954133
2025-01-03 14:12:00,21.934776822411784
2025-01-03 14:13:00,22.369805822238124
2025-01-03 14:14:00,22.176467131897418
2025-01-03 14:15:00,25.11120050335324
2025-01-03 14:16:00,21.792556057361928
2025-01-03 14:17:00,21.85584884321456
2025-01-03 14:18:00,21.475579823547218
2025-01-03 14:19:00,22.59075095602821
2025-01-03 14:20:00,21.832713229824275
2025-01-03 14:21:00,21.337805997351765
2025-01-03 14:22:00,22.315389158970305
2025-01-03 14:23:00,21.831755158403016
2025-01-03 14:24:00,21.782835129140615
2025-01-03 14:25:00,18.613467646942393
2025-01-03 14:26:00,21.60736143448729
2025-01-03 14:27:00,21.59495554463556
2025-01-03 14:28:00,21.74942510271102
2025-01-03 14:29:00,21.97191406357115
2025-01-03 14:30:00,21.316791862869817
2025-01-03 14:31:00,21.554527962203213
2025-01-03 14:32:00,22.213201422447764
2025-01-03 14:33:00,22.547682428334134
2025-01-03 14:34:00,21.675026051517765
2025-01-03 14:35:00,21.603699332413118
2025-01-03 14:36:00,22.34709872121662
2025-01-03 14:37:00,21.88648066286077
2025-01-03 14:38:00,23.25654580010518
2025-01-03 14:39:00,21.831599775545804
2025-01-03 14:40:00,21.397712708045482
2025-01-03 14:41:00,21.49195080134471
2025-01-03 14:42:00,21.905798401932962
2025-01-03 14:43:00,21.4496399481579
2025-01-03 14:44:00,21.834951889375212
2025-01-03 14:45:00,20.55208129303616
2025-01-03 14:46:00,26.67223068547375
2025-01-03 14:47:00,20.676614607167327
2025-01-03 14:48:00,21.306499066387314
2025-01-03 14:49:00,21.380895988385376
2025-01-03 14:50:00,21.494724150075815
2025-01-03 14:51:00,21.48503816744924
2025-01-03 14:52:00,21.689132483111347
2025-01-03 14:53:00,19.94252779626673
2025-01-03 14:54:00,21.534905141023167
2025-01-03 14:55:00,21.42423185391145
2025-01-03 14:56:00,22.345293549698443
2025-01-03 14:57:00,23.363213675746366
2025-01-03 14:58:00,21.07197825909357
2025-01-03 14:59:00,21.345556371704763
2025-01-03 15:00:00,21.0915959187821
2025-01-03 15:01:00,22.166024485649206
2025-01-03 15:02:00,21.67424174992149
2025-01-03 15:03:00,23.6563021022447
2025-01-03 15:04:00,21.83533664676928
2025-01-03 15:05:00,22.596281609597582
2025-01-03 15:06:00,21.713256804735586
2025-01-03 15:07:00,21.639867977425784
2025-01-03 15:08:00,22.664299953736034
2025-01-03 15:09:00,22.046709409461794
2025-01-03 15:10:00,22.159624057306985
2025-01-03 15:11:00,20.98799058488535
2025-01-03 15:12:00,8.096230008525113
2025-01-03 15:13:00,21.319541615345294
2025-01-03 15:14:00,21.719117100926876
2025-01-03 15:15:00,20.655441799021034
2025-01-03 15:16:00,21.23113109933176
2025-01-03 15:17:00,21.636942772447565
2025-01-03 15:18:00,21.880242726593384
2025-01-03 15:19:00,21.602242577537424
2025-01-03 15:20:00,22.406292278192485
2025-01-03 15:21:00,22.06887516647937
2025-01-03 15:22:00,21.481064507266986
2025-01-03 15:23:00,23.046392028747153
2025-01-03 15:24:00,21.659480724630164
2025-01-03 15:25:00,21.61591171505152
2025-01-03 15:26:00,22.603436444059323
2025-01-03 15:27:00,21.829483614807277
2025-01-03 15:28:00,24.554098488918648
2025-01-03 15:29:00,22.05663519761991
2025-01-03 15:30:00,20.806326406405713
2025-01-03 15:31:00,20.937618224802772
2025-01-03 15:32:00,23.09767110711559
2025-01-03 15:33:00,22.328021878705567
2025-01-03 15:34:00,21.73738496202669
2025-01-03 15:35:00,21.383714678741338
2025-01-03 15:36:00,22.01476436267377
2025-01-03 15:37:00,22.250639846043022
2025-01-03 15:38:00,23.23543288935219
2025-01-03 15:39:00,21.45386215905233
2025-01-03 15:40:00,23.08272268462656
2025-01-03 15:41:00,21.002742611078197
2025-01-03 15:42:00,20.646982447180783
2025-01-03 15:43:00,21.62940392342727
2025-01-03 15:44:00,22.254343845322815
2025-01-03 15:45:00,21.557314800228607
2025-01-03 15:46:00,21.783595423772184
2025-01-03 15:47:00,21.85013303988613
2025-01-03 15:48:00,21.53005930523499
2025-01-03 15:49:00,10.427954336217706
2025-01-03 15:50:00,22.18872899725072
2025-01-03 15:51:00,22.732674949564164
2025-01-03 15:52:00,22.30552827819002
2025-01-03 15:53:00,21.52353336174795
2025-01-03 15:54:00,22.04952430357593
2025-01-03 15:55:00,21.366367212358156
2025-01-03 15:56:00,21.361053004785926
2025-01-03 15:57:00,21.947319267689785
2025-01-03 15:58:00,23.523627441696966
2025-01-03 15:59:00,21.69021219082285
2025-01-03 16:00:00,22.498265847796986
2025-01-03 16:01:00,22.069310510640854
2025-01-03 16:02:00,22.128094969950507
2025-01-03 16:03:00,22.272672038380158
2025-01-03 16:04:00,21.21930056544237
2025-01-03 16:05:00,19.574950574001548
2025-01-03 16:06:00,23.331144663171596
2025-01-03 16:07:00,21.754628006606985
2025-01-03 16:08:00,22.19518355254043
2025-01-03 16:09:00,21.870684554696734
2025-01-03 16:10:00,19.588339069788013
2025-01-03 16:11:00,21.64985848957555
2025-01-03 16:12:00,21.983195259423983
2025-01-03 16:13:00,21.290914034264805
2025-01-03 16:14:00,22.148835569432293
2025-01-03 16:15:00,21.25303489419346
2025-01-03 16:16:00,20.979025417411748
2025-01-03 16:17:00,23.453681731210064
2025-01-03 16:18:00,21.888569741662824
2025-01-03 16:19:00,21.201807918826837
2025-01-03 16:20:00,22.269882832537697
2025-01-03 16:21:00,21.924083169164355
2025-01-03 16:22:00,21.97626953468284
2025-01-03 16:23:00,20.745486444294063
2025-01-03 16:24:00,18.560519663853913
2025-01-03 16:25:00,22.34819673058731
2025-01-03 16:26:00,22.095181531157586
2025-01-03 16:27:00,21.498166897394093
2025-01-03 16:28:00,21.773300406471932
2025-01-03 16:29:00,20.368737312689824
2025-01-03 16:30:00,22.312136137864925
2025-01-03 16:31:00,21.23919456455911
2025-01-03 16:32:00,22.592023214693565
2025-01-03 16:33:00,21.4383741701543
2025-01-03 16:34:00,20.92579543774476
2025-01-03 16:35:00,35.66769163833459
2025-01-03 16:36:00,22.154413461262937
2025-01-03 16:37:00,22.115854019771536
2025-01-03 16:38:00,22.061633319272786
2025-01-03 16:39:00,21.8020472768842
2025-01-03 16:40:00,21.490951946786204
2025-01-03 16:41:00,17.191290335857545
2025-01-03 16:42:00,20.705644651509623
2025-01-03 16:43:00,19.27296589533153
2025-01-03 16:44:00,21.708052210460078
2025-01-03 16:45:00,21.995459608247316
2025-01-03 16:46:00,21.947203120406854
2025-01-03 16:47:00,20.97597378329459
2025-01-03 16:48:00,23.363835769655523
2025-01-03 16:49:00,21.916770115746324
2025-01-03 16:50:00,21.756329593993275
2025-01-03 16:51:00,21.9458116105077
2025-01-03 16:52:00,20.058281522958584
2025-01-03 16:53:00,21.791899008212745
2025-01-03 16:54:00,22.077651380336373
2025-01-03 16:55:00,21.82284341331223
2025-01-03 16:56:00,22.58100510284791
2025-01-03 16:57:00,20.20966725072501
2025-01-03 16:58:00,22.215642629087064
2025-01-03 16:59:00,21.61690771285809
2025-01-03 17:00:00,22.121639174343343
2025-01-03 17:01:00,22.55152142650023
2025-01-03 17:02:00,22.90410033916135
2025-01-03 17:03:00,23.544599570322347
2025-01-03 17:04:00,22.909432770983255
2025-01-03 17:05:00,21.8583010611746
2025-01-03 17:06:00,22.538610504633795
2025-01-03 17:07:00,21.036229690979333
2025-01-03 17:08:00,22.25993063747388
2025-01-03 17:09:00,22.57014328528955
2025-01-03 17:10:00,21.995832387778524
2025-01-03 17:11:00,21.739993044846614
2025-01-03 17:12:00,22.534407952463305
2025-01-03 17:13:00,22.740633071057054
2025-01-03 17:14:00,22.030485430772963
2025-01-03 17:15:00,21.827051157456314
2025-01-03 17:16:00,21.196363672218197
2025-01-03 17:17:00,21.442035981184773
2025-01-03 17:18:00,22.39690894891039
2025-01-03 17:19:00,22.537228407404882
2025-01-03 17:20:00,23.154624997433903
2025-01-03 17:21:00,22.003124320152317
2025-01-03 17:22:00,22.959913974394546
2025-01-03 17:23:00,21.93511837540752
2025-01-03 17:24:00,21.780610901873818
2025-01-03 17:25:00,21.5963363668653
2025-01-03 17:26:00,21.6159418403349
2025-01-03 17:27:00,22.56851645168529
2025-01-03 17:28:00,20.830054331905316
2025-01-03 17:29:00,21.534929462289117
2025-01-03 17:30:00,19.827872516931382
2025-01-03 17:31:00,22.4770404672719
2025-01-03 17:32:00,21.879746411909913
2025-01-03 17:33:00,22.244453885185322
2025-01-03 17:34:00,22.221538429988883
2025-01-03 17:35:00,22.7400670390271
2025-01-03 17:36:00,21.67915237561948
2025-01-03 17:37:00,21.57507681816144
2025-01-03 17:38:00,22.06596143903449
2025-01-03 17:39:00,22.119615523368203
2025-01-03 17:40:00,22.36243447905652
2025-01-03 17:41:00,22.555737606564325
2025-01-03 17:42:00,21.322311846427073
2025-01-03 17:43:00,21.468830978811532
2025-01-03 17:44:00,21.63886189484674
2025-01-03 17:45:00,21.117105683335165
2025-01-03 17:46:00,22.18739439981927
2025-01-03 17:47:00,21.46811131610415
2025-01-03 17:48:00,23.24683122164168
2025-01-03 17:49:00,21.608558516460768
2025-01-03 17:50:00,21.43418934231856
2025-01-03 17:51:00,24.09868048838426
2025-01-03 17:52:00,22.176789471462936
2025-01-03 17:53:00,22.219479775147434
2025-01-03 17:54:00,22.024154022236537
2025-01-03 17:55:00,22.558995775364302
2025-01-03 17:56:00,21.562484236852423
2025-01-03 17:57:00,22.559332485236087
2025-01-03 17:58:00,20.56837702529278
2025-01-03 17:59:00,22.044495093744356
2025-01-03 18:00:00,22.15209203488053
2025-01-03 18:01:00,21.785979457547317
2025-01-03 18:02:00,21.3032144719233
2025-01-03 18:03:00,22.674029373688168
2025-01-03 18:04:00,22.14209563161514
2025-01-03 18:05:00,24.918640218737938
2025-01-03 18:06:00,21.470830896010295
2025-01-03 18:07:00,21.57629222112161
2025-01-03 18:08:00,21.441050141999376
2025-01-03 18:09:00,22.010745055276033
2025-01-03 18:10:00,22.799986224976422
2025-01-03 18:11:00,22.240020135213282
2025-01-03 18:12:00,21.68208380702392
2025-01-03 18:13:00,27.0821956720201
2025-01-03 18:14:00,25.957539393934116
2025-01-03 18:15:00,20.176449614847154
2025-01-03 18:16:00,18.630911071587974
2025-01-03 18:17:00,22.54318730783887
2025-01-03 18:18:00,21.9433390619694
2025-01-03 18:19:00,22.118117223873732
2025-01-03 18:20:00,21.419311163658275
2025-01-03 18:21:00,23.06714023474881
2025-01-03 18:22:00,22.494134040313092
2025-01-03 18:23:00,22.432606814152972
2025-01-03 18:24:00,22.13453309490532
2025-01-03 18:25:00,25.851002275693226
2025-01-03 18:26:00,21.33000362643253
2025-01-03 18:27:00,22.088026209502384
2025-01-03 18:28:00,22.919066898940752
2025-01-03 18:29:00,22.06250244207913
2025-01-03 18:30:00,24.2636043335231
2025-01-03 18:31:00,22.34321038315394
2025-01-03 18:32:00,21.98187298160191
2025-01-03 18:33:00,22.508574841635504
2025-01-03 18:34:00,22.377745625304293
2025-01-03 18:35:00,23.168629768250284
2025-01-03 18:36:00,22.22495096592962
2025-01-03 18:37:00,21.99399984610461
2025-01-03 18:38:00,21.6036459506997
2025-01-03 18:39:00,22.228106263002246
2025-01-03 18:40:00,21.392710482396588
2025-01-03 18:41:00,22.800497704604155
2025-01-03 18:42:00,25.346692098914946
2025-01-03 18:43:00,22.022615355022086
2025-01-03 18:44:00,22.406066609967965
2025-01-03 18:45:00,21.979619695045162
2025-01-03 18:46:00,22.319963058953654
2025-01-03 18:47:00,21.567653361157035
2025-01-03 18:48:00,21.76061424934429
2025-01-03 18:49:00,22.35174155935554
2025-01-03 18:50:00,22.769876209452583
2025-01-03 18:51:00,23.19304432666957
2025-01-03 18:52:00,23.459734417607567
2025-01-03 18:53:00,22.55701883254695
2025-01-03 18:54:00,22.857397959821498
2025-01-03 18:55:00,22.26000501241545
2025-01-03 18:56:00,22.362615073328005
2025-01-03 18:57:00,22.373789863254917
2025-01-03 18:58:00,23.694226971513007
2025-01-03 18:59:00,22.02210589585277
2025-01-03 19:00:00,22.88802529313323
2025-01-03 19:01:00,22.466698327337433
2025-01-03 19:02:00,24.09741784587894
2025-01-03 19:03:00,21.454539157577184
2025-01-03 19:04:00,21.54734219828211
2025-01-03 19:05:00,23.013207729344558
2025-01-03 19:06:00,22.177656546965505
2025-01-03 19:07:00,21.224518946840853
2025-01-03 19:08:00,22.084946279263107
2025-01-03 19:09:00,22.339251438907297
2025-01-03 19:10:00,23.62398163238783
2025-01-03 19:11:00,22.401130087076638
2025-01-03 19:12:00,22.504750097760475
2025-01-03 19:13:00,22.588366727319375
2025-01-03 19:14:00,22.00940821195673
2025-01-03 19:15:00,22.67089172610207
2025-01-03 19:16:00,19.6354493569792
2025-01-03 19:17:00,23.405099749231237
2025-01-03 19:18:00,23.265435917235287
2025-01-03 19:19:00,23.238955320115586
2025-01-03 19:20:00,22.98475450395466
2025-01-03 19:21:00,22.486108963237236
2025-01-03 19:22:00,22.4370918387561
2025-01-03 19:23:00,27.334804093184484
2025-01-03 19:24:00,24.076130000842497
2025-01-03 19:25:00,18.3496611400035
2025-01-03 19:26:00,22.880496070866553
2025-01-03 19:27:00,22.181353347826303
2025-01-03 19:28:00,22.913695682530644
2025-01-03 19:29:00,22.081387586485686
2025-01-03 19:30:00,22.5808753262163
2025-01-03 19:31:00,22.339942482837312
2025-01-03 19:32:00,21.73929550752264
2025-01-03 19:33:00,21.63367698325345
2025-01-03 19:34:00,22.082865982777534
2025-01-03 19:35:00,23.330614432574343
2025-01-03 19:36:00,23.58295214776849
2025-01-03 19:37:00,23.069128406742397
2025-01-03 19:38:00,23.58538120752658
2025-01-03 19:39:00,22.453381850817344
2025-01-03 19:40:00,22.89608660550893
2025-01-03 19:41:00,21.712396272157736
2025-01-03 19:42:00,22.64076572011148
2025-01-03 19:43:00,23.20929235428938
2025-01-03 19:44:00,22.2562819611669
2025-01-03 19:45:00,21.975851675369352
2025-01-03 19:46:00,22.703249573696983
2025-01-03 19:47:00,22.53611906385494
2025-01-03 19:48:00,24.053597743192036
2025-01-03 19:49:00,22.323907376068956
2025-01-03 19:50:00,23.130684793677723
2025-01-03 19:51:00,21.473049964621506
2025-01-03 19:52:00,23.312985619111085
2025-01-03 19:53:00,22.327159292214127
2025-01-03 19:54:00,22.10935597180922
2025-01-03 19:55:00,21.494170625147827
2025-01-03 19:56:00,24.081346419088383
2025-01-03 19:57:00,22.974409165512323
2025-01-03 19:58:00,23.2489838064539
2025-01-03 19:59:00,22.254716214940725
2025-01-03 20:00:00,22.169734482098104
2025-01-03 20:01:00,20.995196942363542
2025-01-03 20:02:00,21.907862163413718
2025-01-03 20:03:00,22.356139273302123
2025-01-03 20:04:00,22.519371661522133
2025-01-03 20:05:00,21.991350695822128
2025-01-03 20:06:00,22.66768836026718
2025-01-03 20:07:00,22.580104983504395
2025-01-03 20:08:00,21.869160411891478
2025-01-03 20:09:00,22.07217286057293
2025-01-03 20:10:00,22.767009228765854
2025-01-03 20:11:00,21.90221448923646
2025-01-03 20:12:00,22.559410043201222
2025-01-03 20:13:00,22.164364811510232
2025-01-03 20:14:00,21.549471506287084
2025-01-03 20:15:00,22.769173476595622
2025-01-03 20:16:00,22.61805098137413
2025-01-03 20:17:00,22.553427083738796
2025-01-03 20:18:00,21.67670804250575
2025-01-03 20:19:00,22.24363831675687
2025-01-03 20:20:00,21.951419634680256
2025-01-03 20:21:00,22.72437971550858
2025-01-03 20:22:00,26.35179137736286
2025-01-03 20:23:00,22.44986315810523
2025-01-03 20:24:00,22.966525620608902
2025-01-03 20:25:00,23.193522256576856
2025-01-03 20:26:00,22.086142413139715
2025-01-03 20:27:00,23.8008545482378
2025-01-03 20:28:00,24.46443482582135
2025-01-03 20:29:00,22.104992922697548
2025-01-03 20:30:00,22.419423976038054
2025-01-03 20:31:00,23.826297931659415
2025-01-03 20:32:00,21.701557898467087
2025-01-03 20:33:00,24.04776051640995
2025-01-03 20:34:00,22.346241510559977
2025-01-03 20:35:00,22.6006762504769
2025-01-03 20:36:00,22.413647709744293
2025-01-03 20:37:00,22.58746057924
2025-01-03 20:38:00,21.87052028164758
2025-01-03 20:39:00,21.913306730826616
2025-01-03 20:40:00,22.47140253400644
2025-01-03 20:41:00,20.165078110761577
2025-01-03 20:42:00,22.703225572362005
2025-01-03 20:43:00,22.222946958540543
2025-01-03 20:44:00,22.489782242377768
2025-01-03 20:45:00,23.34172329009133
2025-01-03 20:46:00,22.12588576420888
2025-01-03 20:47:00,22.879213349011906
2025-01-03 20:48:00,23.644296159697955
2025-01-03 20:49:00,22.323008130573697
2025-01-03 20:50:00,22.782579316312574
2025-01-03 20:51:00,22.88169895184099
2025-01-03 20:52:00,21.933704563174057
2025-01-03 20:53:00,22.84736866836208
2025-01-03 20:54:00,21.927406305615015
2025-01-03 20:55:00,22.728738375502523
2025-01-03 20:56:00,22.609530290965388
2025-01-03 20:57:00,22.835567899752636
2025-01-03 20:58:00,22.281541198326373
2025-01-03 20:59:00,21.39500823779727
2025-01-03 21:00:00,23.4444578206738
2025-01-03 21:01:00,22.638576178655686
2025-01-03 21:02:00,20.93347470368704
2025-01-03 21:03:00,21.802211972864946
2025-01-03 21:04:00,22.7161031640697
2025-01-03 21:05:00,17.651552278511527
2025-01-03 21:06:00,22.408743888177366
2025-01-03 21:07:00,21.391677841609347
2025-01-03 21:08:00,22.50713266644797
2025-01-03 21:09:00,22.238025099488702
2025-01-03 21:10:00,21.878555534469886
2025-01-03 21:11:00,22.696075762679875
2025-01-03 21:12:00,21.897048634774656
2025-01-03 21:13:00,22.760012277338298
2025-01-03 21:14:00,24.178803084886255
2025-01-03 21:15:00,22.6648343648376
2025-01-03 21:16:00,22.14338611036269
2025-01-03 21:17:00,22.02515176867248
2025-01-03 21:18:00,22.164281141385562
2025-01-03 21:19:00,20.944460116508445
2025-01-03 21:20:00,21.854543074465262
2025-01-03 21:21:00,22.94121312343641
2025-01-03 21:22:00,22.965176786483003
2025-01-03 21:23:00,22.204419331885916
2025-01-03 21:24:00,18.506147171418345
2025-01-03 21:25:00,21.817619008831144
2025-01-03 21:26:00,22.794386322989414
2025-01-03 21:27:00,22.923964911819677
2025-01-03 21:28:00,22.59775981988676
2025-01-03 21:29:00,22.722339178248774
2025-01-03 21:30:00,23.203145974737932
2025-01-03 21:31:00,22.736565670975626
2025-01-03 21:32:00,22.151156899028116
2025-01-03 21:33:00,23.495027039739924
2025-01-03 21:34:00,22.74509670919107
2025-01-03 21:35:00,23.50700248666248
2025-01-03 21:36:00,22.16584284805317
2025-01-03 21:37:00,22.277731240942945
2025-01-03 21:38:00,23.52346512212096
2025-01-03 21:39:00,22.878068234751748
2025-01-03 21:40:00,21.77050087847814
2025-01-03 21:41:00,23.35984736360416
2025-01-03 21:42:00,22.546777704928886
2025-01-03 21:43:00,21.17638733151919
2025-01-03 21:44:00,23.025786446884446
2025-01-03 21:45:00,22.164227558712543
2025-01-03 21:46:00,22.33740441705696
2025-01-03 21:47:00,23.21427671621775
2025-01-03 21:48:00,22.41351742971268
2025-01-03 21:49:00,21.562685669038647
2025-01-03 21:50:00,26.096774442001966
2025-01-03 21:51:00,22.367885964978175
2025-01-03 21:52:00,14.708848526814542
2025-01-03 21:53:00,22.708704629977394
2025-01-03 21:54:00,22.10618614661217
2025-01-03 21:55:00,23.326090439625386
2025-01-03 21:56:00,23.36686677819176
2025-01-03 21:57:00,23.50335867189163
2025-01-03 21:58:00,22.738818664607727
2025-01-03 21:59:00,23.30896005861878
2025-01-03 22:00:00,24.18332297113241
2025-01-03 22:01:00,22.319936806206634
2025-01-03 22:02:00,22.589069556482464
2025-01-03 22:03:00,23.9803181396708
2025-01-03 22:04:00,24.330427422516944
2025-01-03 22:05:00,22.368394337996662
2025-01-03 22:06:00,22.90337686399027
2025-01-03 22:07:00,21.53959928018284
2025-01-03 22:08:00,22.786242399074485
2025-01-03 22:09:00,21.878144418832385
2025-01-03 22:10:00,22.120693882079106
2025-01-03 22:11:00,22.622387305860737
2025-01-03 22:12:00,22.559600378216434
2025-01-03 22:13:00,22.912101991330616
2025-01-03 22:14:00,21.089485070822427
2025-01-03 22:15:00,22.62308995260443
2025-01-03 22:16:00,22.205341044106277
2025-01-03 22:17:00,22.393938986904217
2025-01-03 22:18:00,22.816475366071185
2025-01-03 22:19:00,21.520694971337353
2025-01-03 22:20:00,23.123312893895474
2025-01-03 22:21:00,21.966989317697948
2025-01-03 22:22:00,23.922729062237376
2025-01-03 22:23:00,22.525508219987504
2025-01-03 22:24:00,21.817957166413155
2025-01-03 22:25:00,21.030880503400788
2025-01-03 22:26:00,23.32228823776465
2025-01-03 22:27:00,22.94403124349984
2025-01-03 22:28:00,22.627508065794178
2025-01-03 22:29:00,25.015096115982484
2025-01-03 22:30:00,22.860207396499085
2025-01-03 22:31:00,22.504783353769813
2025-01-03 22:32:00,22.56485148071286
2025-01-03 22:33:00,23.205466480907617
2025-01-03 22:34:00,22.78263669715165
2025-01-03 22:35:00,23.0485003296583
2025-01-03 22:36:00,23.33610102597947
2025-01-03 22:37:00,23.650833498130165
2025-01-03 22:38:00,22.896062272388367
2025-01-03 22:39:00,20.33680712585341
2025-01-03 22:40:00,23.44300663553058
2025-01-03 22:41:00,22.231013263254994
2025-01-03 22:42:00,22.754087431291453
2025-01-03 22:43:00,22.313058823834943
2025-01-03 22:44:00,22.618843704768043
2025-01-03 22:45:00,22.866883091709337
2025-01-03 22:46:00,23.629164538388842
2025-01-03 22:47:00,22.666619531317167
2025-01-03 22:48:00,21.775597789848376
2025-01-03 22:49:00,22.41595208641757
2025-01-03 22:50:00,30.458280527144254
2025-01-03 22:51:00,22.872672465737
2025-01-03 22:52:00,24.145129582174523
2025-01-03 22:53:00,23.05335763264673
2025-01-03 22:54:00,23.303789041859883
2025-01-03 22:55:00,25.12676493231469
2025-01-03 22:56:00,24.28250502180235
2025-01-03 22:57:00,22.587930768706105
2025-01-03 22:58:00,24.725925024326592
2025-01-03 22:59:00,22.649812991844847
2025-01-03 23:00:00,22.88678400598192
2025-01-03 23:01:00,21.56530882239216
2025-01-03 23:02:00,23.1153978174717
2025-01-03 23:03:00,22.84602442852667
2025-01-03 23:04:00,22.28693950036806
2025-01-03 23:05:00,22.774853985895398
2025-01-03 23:06:00,22.914297023737895
2025-01-03 23:07:00,23.07187555095039
2025-01-03 23:08:00,22.52387872843071
2025-01-03 23:09:00,22.503125446104836
2025-01-03 23:10:00,22.55001617809217
2025-01-03 23:11:00,20.533705373299238
2025-01-03 23:12:00,22.08550485904845
2025-01-03 23:13:00,22.839063883187823
2025-01-03 23:14:00,24.800014955349297
2025-01-03 23:15:00,22.879314187742025
2025-01-03 23:16:00,19.936081060160266
2025-01-03 23:17:00,23.267541100430076
2025-01-03 23:18:00,23.368449171986725
2025-01-03 23:19:00,22.80618037113286
2025-01-03 23:20:00,22.849191761812097
2025-01-03 23:21:00,21.496469080192906
2025-01-03 23:22:00,22.813826104782322
2025-01-03 23:23:00,22.094437125520315
2025-01-03 23:24:00,22.84727064767427
2025-01-03 23:25:00,21.970817425342442
2025-01-03 23:26:00,26.443227482196846
2025-01-03 23:27:00,22.647827895703983
2025-01-03 23:28:00,23.146743863990938
2025-01-03 23:29:00,22.531768239127036
2025-01-03 23:30:00,23.472356150473022
2025-01-03 23:31:00,24.627569087410844
2025-01-03 23:32:00,22.64531956913004
2025-01-03 23:33:00,23.59918323330417
2025-01-03 23:34:00,22.86471826702969
2025-01-03 23:35:00,22.491600757695597
2025-01-03 23:36:00,23.45614113452338
2025-01-03 23:37:00,29.10320237330766
2025-01-03 23:38:00,24.340900736529694
2025-01-03 23:39:00,20.524059187784946
2025-01-03 23:40:00,22.94433974247348
2025-01-03 23:41:00,22.22414788972245
2025-01-03 23:42:00,22.902447161179253
2025-01-03 23:43:00,22.522900322239977
2025-01-03 23:44:00,22.90781410411748
2025-01-03 23:45:00,23.195993714546557
2025-01-03 23:46:00,22.873954907521213
2025-01-03 23:47:00,22.51647517339626
2025-01-03 23:48:00,23.245418306653992
2025-01-03 23:49:00,23.182009619442642
2025-01-03 23:50:00,23.144446962449805
2025-01-03 23:51:00,21.78839735325942
2025-01-03 23:52:00,23.023501693672674
2025-01-03 23:53:00,22.45285771288492
2025-01-03 23:54:00,23.950753948408945
2025-01-03 23:55:00,23.089772175049706
2025-01-03 23:56:00,22.147665571564943
2025-01-03 23:57:00,21.26589501298223
2025-01-03 23:58:00,23.10636198638027
2025-01-03 23:59:00,22.77946156399343
2025-01-04 00:00:00,23.098397903149312
2025-01-04 00:01:00,21.382288993887812
2025-01-04 00:02:00,21.69719753738991
2025-01-04 00:03:00,22.61970943926022
2025-01-04 00:04:00,22.74443560803312
2025-01-04 00:05:00,23.50961559012194
2025-01-04 00:06:00,23.629748479574964
2025-01-04 00:07:00,22.39179606089856
2025-01-04 00:08:00,23.552510940377644
2025-01-04 00:09:00,23.323614760643768
2025-01-04 00:10:00,24.19507927050858
2025-01-04 00:11:00,22.630125639536356
2025-01-04 00:12:00,23.052350240915338
2025-01-04 00:13:00,21.849344774087164
2025-01-04 00:14:00,24.756963008291574
2025-01-04 00:15:00,23.419492808491583
2025-01-04 00:16:00,22.445420620413067
2025-01-04 00:17:00,22.984943066165222
2025-01-04 00:18:00,23.387496313043627
2025-01-04 00:19:00,23.487698337505343
2025-01-04 00:20:00,22.816678583339463
2025-01-04 00:21:00,22.500719943414595
2025-01-04 00:22:00,23.12865963494277
2025-01-04 00:23:00,22.23913155138073
2025-01-04 00:24:00,22.71341980134577
2025-01-04 00:25:00,22.80622485078174
2025-01-04 00:26:00,22.503458774586726
2025-01-04 00:27:00,22.79564349901135
2025-01-04 00:28:00,23.31274474892528
2025-01-04 00:29:00,22.83919371222501
2025-01-04 00:30:00,22.48858208785988
2025-01-04 00:31:00,22.05984399767125
2025-01-04 00:32:00,23.55207421581201
2025-01-04 00:33:00,23.137906803197495
2025-01-04 00:34:00,22.797760486741016
2025-01-04 00:35:00,23.172780574633762
2025-01-04 00:36:00,22.141507221369057
2025-01-04 00:37:00,24.542261777963056
2025-01-04 00:38:00,23.627139225302436
2025-01-04 00:39:00,22.349584463975823
2025-01-04 00:40:00,23.6528203535022
2025-01-04 00:41:00,23.989961006188032
2025-01-04 00:42:00,23.59225055961593
2025-01-04 00:43:00,22.701528511963403
2025-01-04 00:44:00,22.78635442800554
2025-01-04 00:45:00,22.644763899528822
2025-01-04 00:46:00,22.641266022304396
2025-01-04 00:47:00,21.662883633456463
2025-01-04 00:48:00,22.105524161607637
2025-01-04 00:49:00,24.951797273410087
2025-01-04 00:50:00,21.81286293841189
2025-01-04 00:51:00,23.217251923886337
2025-01-04 00:52:00,21.149308293206236
2025-01-04 00:53:00,23.209468416781835
2025-01-04 00:54:00,23.121804739914463
2025-01-04 00:55:00,22.977007119988013
2025-01-04 00:56:00,23.025038953996543
2025-01-04 00:57:00,22.189299428936856
2025-01-04 00:58:00,22.783933983796974
2025-01-04 00:59:00,24.649962811060995
2025-01-04 01:00:00,23.209683277382325
2025-01-04 01:01:00,23.98042747432776
2025-01-04 01:02:00,23.224893248723333
2025-01-04 01:03:00,23.096961720728167
2025-01-04 01:04:00,23.57822696255764
2025-01-04 01:05:00,22.582143330061502
2025-01-04 01:06:00,22.998813019301654
2025-01-04 01:07:00,21.45451555550937
2025-01-04 01:08:00,23.292782832272003
2025-01-04 01:09:00,19.923049662220773
2025-01-04 01:10:00,24.981660160054687
2025-01-04 01:11:00,22.894122905963204
2025-01-04 01:12:00,23.555681921872452
2025-01-04 01:13:00,22.764981032073713
2025-01-04 01:14:00,23.471607837723436
2025-01-04 01:15:00,23.358452324304903
2025-01-04 01:16:00,22.55916431439619
2025-01-04 01:17:00,19.452464775835345
2025-01-04 01:18:00,29.589782330100256
2025-01-04 01:19:00,22.801205089584045
2025-01-04 01:20:00,23.04688413178153
2025-01-04 01:21:00,22.65492086236007
2025-01-04 01:22:00,22.765540694182082
2025-01-04 01:23:00,23.104477485374073
2025-01-04 01:24:00,22.731620743206214
2025-01-04 01:25:00,22.94030286101636
2025-01-04 01:26:00,23.979158974513894
2025-01-04 01:27:00,23.07264810156465
2025-01-04 01:28:00,25.786721794369548
2025-01-04 01:29:00,22.609467209700153
2025-01-04 01:30:00,23.295489894984996
2025-01-04 01:31:00,23.45987040530479
2025-01-04 01:32:00,23.75228850301926
2025-01-04 01:33:00,23.29963675122017
2025-01-04 01:34:00,23.023273529338145
2025-01-04 01:35:00,22.79858645815851
2025-01-04 01:36:00,22.578490448627694
2025-01-04 01:37:00,22.30207253473145
2025-01-04 01:38:00,23.361439901376947
2025-01-04 01:39:00,23.42594899392204
2025-01-04 01:40:00,22.944598651601602
2025-01-04 01:41:00,23.423250732846892
2025-01-04 01:42:00,17.4023118583155
2025-01-04 01:43:00,24.130445919920124
2025-01-04 01:44:00,24.452179452918294
2025-01-04 01:45:00,23.38026950266452
2025-01-04 01:46:00,23.44917266717984
2025-01-04 01:47:00,22.685173058364054
2025-01-04 01:48:00,22.16057899590879
2025-01-04 01:49:00,23.656464879805387
2025-01-04 01:50:00,23.019684365085908
2025-01-04 01:51:00,23.193890419511042
2025-01-04 01:52:00,22.77589308179876
2025-01-04 01:53:00,23.149148349925177
2025-01-04 01:54:00,23.01018457644393
2025-01-04 01:55:00,23.592812409381622
2025-01-04 01:56:00,23.775162410941473
2025-01-04 01:57:00,23.04493111255907
2025-01-04 01:58:00,24.690486376367677
2025-01-04 01:59:00,23.121151823058987
2025-01-04 02:00:00,22.55906347517193
2025-01-04 02:01:00,23.058036210995965
2025-01-04 02:02:00,22.696343817313668
2025-01-04 02:03:00,22.477224438496393
2025-01-04 02:04:00,23.118150517412776
2025-01-04 02:05:00,23.224190870983836
2025-01-04 02:06:00,23.229518731782598
2025-01-04 02:07:00,22.984846641033304
2025-01-04 02:08:00,23.1891121573427
2025-01-04 02:09:00,24.07893326531732
2025-01-04 02:10:00,22.927518644439157
2025-01-04 02:11:00,28.448742832236555
2025-01-04 02:12:00,22.54876577426978
2025-01-04 02:13:00,22.58400705497037
2025-01-04 02:14:00,22.252891918380787
2025-01-04 02:15:00,24.48169709299452
2025-01-04 02:16:00,23.11308418900547
2025-01-04 02:17:00,23.745633278350258
2025-01-04 02:18:00,23.162524323674234
2025-01-04 02:19:00,23.658135364357552
2025-01-04 02:20:00,23.08737628724435
2025-01-04 02:21:00,22.639282128127373
2025-01-04 02:22:00,23.77981245771528
2025-01-04 02:23:00,23.49479016944059
2025-01-04 02:24:00,22.90199007528335
2025-01-04 02:25:00,22.99238867632678
2025-01-04 02:26:00,25.0747501162554
2025-01-04 02:27:00,24.11265131143508
2025-01-04 02:28:00,22.940541055408907
2025-01-04 02:29:00,22.6424467188583
2025-01-04 02:30:00,23.06238812192103
2025-01-04 02:31:00,23.6209997084598
2025-01-04 02:32:00,22.896883207200652
2025-01-04 02:33:00,20.82563085793508
2025-01-04 02:34:00,23.239640765048318
2025-01-04 02:35:00,22.591893908042437
2025-01-04 02:36:00,23.36664585088283
2025-01-04 02:37:00,23.463884355975676
2025-01-04 02:38:00,23.8672069607433
2025-01-04 02:39:00,23.29029684192056
2025-01-04 02:40:00,24.052992034000287
2025-01-04 02:41:00,22.631722928704235
2025-01-04 02:42:00,22.197050374101913
2025-01-04 02:43:00,23.14849273903013
2025-01-04 02:44:00,22.910143362104666
2025-01-04 02:45:00,19.01344002082394
2025-01-04 02:46:00,23.409313359161654
2025-01-04 02:47:00,23.34908396901516
2025-01-04 02:48:00,23.094772567907466
2025-01-04 02:49:00,22.854610040493135
2025-01-04 02:50:00,23.091466239712588
2025-01-04 02:51:00,22.84479291992167
2025-01-04 02:52:00,23.67406274455517
2025-01-04 02:53:00,23.092224331557265
2025-01-04 02:54:00,23.18834738277219
2025-01-04 02:55:00,22.527696469141137
2025-01-04 02:56:00,23.20028567581428
2025-01-04 02:57:00,23.20757384209433
2025-01-04 02:58:00,23.111402799428213
2025-01-04 02:59:00,22.11974179432291
2025-01-04 03:00:00,24.050538563459984
2025-01-04 03:01:00,22.91620249050051
2025-01-04 03:02:00,23.252135493405238
2025-01-04 03:03:00,23.21778953810494
2025-01-04 03:04:00,23.198039028707594
2025-01-04 03:05:00,23.602627390155416
2025-01-04 03:06:00,23.13940088879889
2025-01-04 03:07:00,18.91441067693173
2025-01-04 03:08:00,21.43997278459374
2025-01-04 03:09:00,22.04391282824034
2025-01-04 03:10:00,22.916732864426198
2025-01-04 03:11:00,23.494054752418528
2025-01-04 03:12:00,21.66414978599298
2025-01-04 03:13:00,23.425540350947536
2025-01-04 03:14:00,23.068326753783044
2025-01-04 03:15:00,21.299085693920503
2025-01-04 03:16:00,22.821466191022896
2025-01-04 03:17:00,19.998724183740734
2025-01-04 03:18:00,23.299471690419875
2025-01-04 03:19:00,23.622949696103333
2025-01-04 03:20:00,23.297853646919414
2025-01-04 03:21:00,23.058013378584306
2025-01-04 03:22:00,23.77874312382995
2025-01-04 03:23:00,23.06782574053221
2025-01-04 03:24:00,23.521310039171787
2025-01-04 03:25:00,23.68563437450547
2025-01-04 03:26:00,23.81273357293445
2025-01-04 03:27:00,22.789609691701095
2025-01-04 03:28:00,24.18059771813951
2025-01-04 03:29:00,22.772388648825466
2025-01-04 03:30:00,23.42418785801904
2025-01-04 03:31:00,24.115596092702397
2025-01-04 03:32:00,23.596924945623407
2025-01-04 03:33:00,22.940404531979127
2025-01-04 03:34:00,18.812578104627928
2025-01-04 03:35:00,22.681927564021322
2025-01-04 03:36:00,23.39509429598333
2025-01-04 03:37:00,23.71272914215096
2025-01-04 03:38:00,23.02715492561261
2025-01-04 03:39:00,26.89370859069431
2025-01-04 03:40:00,23.343482847985634
2025-01-04 03:41:00,22.727002344643857
2025-01-04 03:42:00,23.60468600241377
2025-01-04 03:43:00,21.772840746112998
2025-01-04 03:44:00,22.839765163407336
2025-01-04 03:45:00,23.560588314119865
2025-01-04 03:46:00,24.301073672088393
2025-01-04 03:47:00,20.518114554912284
2025-01-04 03:48:00,23.083507787596847
2025-01-04 03:49:00,22.844686127829632
2025-01-04 03:50:00,23.82040822226053
2025-01-04 03:51:00,23.263319911285286
2025-01-04 03:52:00,23.046405716985277
2025-01-04 03:53:00,23.226724033624734
2025-01-04 03:54:00,23.006472245379147
2025-01-04 03:55:00,23.07641387355771
2025-01-04 03:56:00,22.12076490860853
2025-01-04 03:57:00,23.928165996072902
2025-01-04 03:58:00,23.327855509661664
2025-01-04 03:59:00,24.19859729509051
2025-01-04 04:00:00,23.766874408620826
2025-01-04 04:01:00,23.343336409136707
2025-01-04 04:02:00,23.883196060114138
2025-01-04 04:03:00,22.741617958886536
2025-01-04 04:04:00,23.97192715564195
2025-01-04 04:05:00,22.832524189707843
2025-01-04 04:06:00,23.123204328701384
2025-01-04 04:07:00,21.027519104527155
2025-01-04 04:08:00,23.13212444251718
2025-01-04 04:09:00,23.416838390679317
2025-01-04 04:10:00,29.124153387527468
2025-01-04 04:11:00,23.990070040705724
2025-01-04 04:12:00,25.120538026275817
2025-01-04 04:13:00,23.85694979442838
2025-01-04 04:14:00,23.19389691541948
2025-01-04 04:15:00,23.77246803217163
2025-01-04 04:16:00,24.2529578252213
2025-01-04 04:17:00,24.00200039452136
2025-01-04 04:18:00,22.395272839972098
2025-01-04 04:19:00,23.43295959015116
2025-01-04 04:20:00,23.09638177244041
2025-01-04 04:21:00,23.210247155575185
2025-01-04 04:22:00,23.045395100925415
2025-01-04 04:23:00,21.336868881439543
2025-01-04 04:24:00,23.20327743151809
2025-01-04 04:25:00,22.084669043765235
2025-01-04 04:26:00,23.260694965918347
2025-01-04 04:27:00,24.125617214402638
2025-01-04 04:28:00,23.102508048874174
2025-01-04 04:29:00,24.60954368946414
2025-01-04 04:30:00,23.184145255028113
2025-01-04 04:31:00,23.30718455781184
2025-01-04 04:32:00,24.266890766899763
2025-01-04 04:33:00,23.387757027643232
2025-01-04 04:34:00,22.220596646443216
2025-01-04 04:35:00,24.01452859961927
2025-01-04 04:36:00,22.012679508053527
2025-01-04 04:37:00,23.700112541880458
2025-01-04 04:38:00,23.693009224384827
2025-01-04 04:39:00,23.03926583916004
2025-01-04 04:40:00,23.066742879196756
2025-01-04 04:41:00,22.81719777482311
2025-01-04 04:42:00,23.52676923369327
2025-01-04 04:43:00,23.012647514871706
2025-01-04 04:44:00,23.486133066607994
2025-01-04 04:45:00,22.799261148143486
2025-01-04 04:46:00,22.57831500063624
2025-01-04 04:47:00,23.371825079498034
2025-01-04 04:48:00,24.46412021101998
2025-01-04 04:49:00,23.381712809473537
2025-01-04 04:50:00,23.954222522476215
2025-01-04 04:51:00,21.905442645693274
2025-01-04 04:52:00,24.177434013625113
2025-01-04 04:53:00,23.15284632286317
2025-01-04 04:54:00,23.55986723671897
2025-01-04 04:55:00,21.08553581351563
2025-01-04 04:56:00,23.62549861195265
2025-01-04 04:57:00,23.510887099689487
2025-01-04 04:58:00,23.102367685833602
2025-01-04 04:59:00,21.75478296793711
2025-01-04 05:00:00,21.56338383946849
2025-01-04 05:01:00,24.416865499070575
2025-01-04 05:02:00,23.37862985245303
2025-01-04 05:03:00,24.014196458764086
2025-01-04 05:04:00,23.474883296249363
2025-01-04 05:05:00,23.610055221934616
2025-01-04 05:06:00,23.037782385016904
2025-01-04 05:07:00,22.8383585169952
2025-01-04 05:08:00,24.098238195249643
2025-01-04 05:09:00,22.496430070954283
2025-01-04 05:10:00,23.8439398609175
2025-01-04 05:11:00,23.1002174618231
2025-01-04 05:12:00,23.47132757004229
2025-01-04 05:13:00,22.9982507543929
2025-01-04 05:14:00,23.960434488965113
2025-01-04 05:15:00,23.408894577451168
2025-01-04 05:16:00,22.613209675546752
2025-01-04 05:17:00,23.557301060527436
2025-01-04 05:18:00,22.934628648728513
2025-01-04 05:19:00,24.306648970411395
2025-01-04 05:20:00,24.539659085318526
2025-01-04 05:21:00,23.51240432162948
2025-01-04 05:22:00,23.43815670361673
2025-01-04 05:23:00,23.694366896132674
2025-01-04 05:24:00,23.865958984433174
2025-01-04 05:25:00,22.884171743047858
2025-01-04 05:26:00,23.198432931595544
2025-01-04 05:27:00,23.42897148918334
2025-01-04 05:28:00,24.463471435649218
2025-01-04 05:29:00,24.05999469018182
2025-01-04 05:30:00,22.930531996045392
2025-01-04 05:31:00,22.691781950580875
2025-01-04 05:32:00,23.543405500001853
2025-01-04 05:33:00,23.932650720869557
2025-01-04 05:34:00,23.647016101826242
2025-01-04 05:35:00,22.207038227163473
2025-01-04 05:36:00,23.878784547922844
2025-01-04 05:37:00,23.27797248178903
2025-01-04 05:38:00,21.36233314600711
2025-01-04 05:39:00,23.653364285954524
2025-01-04 05:40:00,23.086180348292686
2025-01-04 05:41:00,23.81458652800883
2025-01-04 05:42:00,23.008009202592053
2025-01-04 05:43:00,23.660365962815217
2025-01-04 05:44:00,25.120046169433515
2025-01-04 05:45:00,24.133495471230233
2025-01-04 05:46:00,24.533233148987005
2025-01-04 05:47:00,24.246548600029428
2025-01-04 05:48:00,23.701717362315144
2025-01-04 05:49:00,23.586460984709912
2025-01-04 05:50:00,23.87005915176274
2025-01-04 05:51:00,22.302297419839608
2025-01-04 05:52:00,23.909921743066
2025-01-04 05:53:00,22.764858427708273
2025-01-04 05:54:00,23.409502005141338
2025-01-04 05:55:00,23.35925673560443
2025-01-04 05:56:00,23.98760032350997
2025-01-04 05:57:00,23.459102610447562
2025-01-04 05:58:00,24.048997687117627
2025-01-04 05:59:00,24.066518464244613
