timestamp,temp_c,lat,lon,anomaly_label
2025-01-03 09:00:00,25.084531748146723,38.73689963516373,-9.14270216842016,0
2025-01-03 09:01:00,23.938936380662287,38.736899697315664,-9.142697934926517,0
2025-01-03 09:02:00,25.193900628510868,38.736898343974055,-9.142699616141371,0
2025-01-03 09:03:00,24.9114384482208,38.736900353159875,-9.14269811624143,0
2025-01-03 09:04:00,24.720378098879056,38.73690054681623,-9.14269840674402,0
2025-01-03 09:05:00,24.043178159639922,38.736899539122724,-9.142699047863184,0
2025-01-03 09:06:00,25.30816006394183,38.736900227891155,-9.142701590704737,0
2025-01-03 09:07:00,24.680379496202853,38.73690007915396,-9.142701787490703,0
2025-01-03 09:08:00,24.298049898573826,38.73689661150125,-9.142704104062696,0
2025-01-03 09:09:00,23.27664267203101,38.73689729340663,-9.142707467216896,0
2025-01-03 09:10:00,24.98349105696962,38.73689525439423,-9.142707228019539,0
2025-01-03 09:11:00,26.063350958001845,38.73689712324979,-9.142708498865753,0
2025-01-03 09:12:00,25.996755528728723,38.73689663975051,-9.14270513016872,0
2025-01-03 09:13:00,24.725742246048238,38.73689819989111,-9.142703130125291,0
2025-01-03 09:14:00,24.63867276378293,38.736896939454006,-9.142699735260928,0
2025-01-03 09:15:00,25.281264553645013,38.736897079312534,-9.142701097026736,0
2025-01-03 09:16:00,24.400968736487027,38.73689949979954,-9.142700824751257,0
2025-01-03 09:17:00,25.18107513989168,38.73689896176644,-9.142706066093176,0
2025-01-03 09:18:00,25.459648167030814,38.736897780132246,-9.142706629697937,0
2025-01-03 09:19:00,25.736159934330583,38.73689909021348,-9.14270643270124,0
2025-01-03 09:20:00,24.93990755411203,38.73690036153667,-9.142706124605086,0
2025-01-03 09:21:00,24.87779574989382,38.7368992640384,-9.142706209341906,0
2025-01-03 09:22:00,24.473210447946062,38.73689529311636,-9.142706076156763,0
2025-01-03 09:23:00,24.503871787576085,38.73689407307041,-9.142711502642031,0
2025-01-03 09:24:00,24.864112664859086,38.73689542778945,-9.14271099019836,0
2025-01-03 09:25:00,25.220419304089706,38.73689387772107,-9.142710023318575,0
2025-01-03 09:26:00,25.54815077573995,38.736893855845395,-9.14270734726777,0
2025-01-03 09:27:00,24.51809262959179,38.73689254087552,-9.142706609791652,0
2025-01-03 09:28:00,25.895613141375712,38.7368886765412,-9.142706871265785,0
2025-01-03 09:29:00,24.837325839374458,38.73688732557884,-9.142704661381941,0
2025-01-03 09:30:00,24.98717962339094,38.736888671842884,-9.142709376050389,0
2025-01-03 09:31:00,24.551672992511307,38.73688393133792,-9.14271040594745,0
2025-01-03 09:32:00,23.545455843836237,38.73688443567262,-9.14271193756741,0
2025-01-03 09:33:00,25.530427237816628,38.73688206353416,-9.142712006611012,0
2025-01-03 09:34:00,25.44210633825546,38.7368832804183,-9.142716403996635,0
2025-01-03 09:35:00,24.83120346572907,38.73688470905617,-9.142713764725311,0
2025-01-03 09:36:00,25.040194430334925,38.7368843651603,-9.142714264345111,0
2025-01-03 09:37:00,25.30956353062246,38.73688402582398,-9.142713626751728,0
2025-01-03 09:38:00,24.062472485868074,38.73688241309859,-9.142713180569277,0
2025-01-03 09:39:00,24.682568393592224,38.73687972193179,-9.142710655589488,0
2025-01-03 09:40:00,25.476558807773095,38.7368831181176,-9.142714379489759,0
2025-01-03 09:41:00,24.24742634609845,38.73688138797475,-9.142714154847427,0
2025-01-03 09:42:00,25.176134759299977,38.736884523567014,-9.142711862490906,0
2025-01-03 09:43:00,24.186050917225955,38.73688280456693,-9.142712058463799,0
2025-01-03 09:44:00,25.279857989460115,38.73688385494771,-9.142713961002585,0
2025-01-03 09:45:00,24.97861511062151,38.73688157933339,-9.142715168782816,0
2025-01-03 09:46:00,24.030920910456693,38.736882626123425,-9.14271595466682,0
2025-01-03 09:47:00,25.698843612674303,38.73688197494871,-9.142717396766878,0
2025-01-03 09:48:00,24.55924505392117,38.73688134991639,-9.142717702389113,0
2025-01-03 09:49:00,24.51384853779137,38.73688256996273,-9.142714685894306,0
2025-01-03 09:50:00,25.120341518338567,38.73688163168,-9.142715880623838,0
2025-01-03 09:51:00,25.689182409657228,38.73687877538301,-9.142716855971786,0
2025-01-03 09:52:00,24.390506908612963,38.736880297994134,-9.14271593641062,0
2025-01-03 09:53:00,25.037007909908784,38.73687800619295,-9.142716286051346,0
2025-01-03 09:54:00,25.257289900198344,38.736879039227524,-9.142718944421613,0
2025-01-03 09:55:00,25.415863364357886,38.736880985220616,-9.142719066798488,0
2025-01-03 09:56:00,25.105864933166334,38.73688023423284,-9.142719264581354,0
2025-01-03 09:57:00,24.779783296550008,38.73688259893853,-9.142717313224663,0
2025-01-03 09:58:00,24.50344586761077,38.736883562505945,-9.142719257529459,0
2025-01-03 09:59:00,25.051686329827824,38.736882170783105,-9.142717292890493,0
2025-01-03 10:00:00,24.356716592808635,38.73688497364111,-9.142717488552117,0
2025-01-03 10:01:00,31.656987477769587,38.73688269029747,-9.142719704435459,1
2025-01-03 10:02:00,25.2619358824946,38.73688193689661,-9.142722321992084,0
2025-01-03 10:03:00,25.542360904651716,38.736881524267,-9.142718453215029,0
2025-01-03 10:04:00,23.582240538674895,38.7368827347144,-9.142718773047074,0
2025-01-03 10:05:00,24.39416157717404,38.736884965581,-9.14271690003884,0
2025-01-03 10:06:00,36.64121599993457,38.73688707116411,-9.142720316277629,1
2025-01-03 10:07:00,32.66471196561981,38.73688751866075,-9.142715040887854,1
2025-01-03 10:08:00,16.45784077689379,38.73688695812254,-9.142713254398597,1
2025-01-03 10:09:00,24.56319823526252,38.736883306154056,-9.142713765279025,0
2025-01-03 10:10:00,24.890262135337096,38.73688067786235,-9.14271437761074,0
2025-01-03 10:11:00,25.82492585148891,38.736884211173326,-9.142712908414484,0
2025-01-03 10:12:00,24.61242149252528,38.73688053902935,-9.142711554051111,0
2025-01-03 10:13:00,24.520484796009846,38.73687897004807,-9.14271118899255,0
2025-01-03 10:14:00,24.71035388669078,38.73688125926063,-9.142711167235033,0
2025-01-03 10:15:00,24.428002835044772,38.736881678687226,-9.142710045100864,0
2025-01-03 10:16:00,25.073602189596876,38.73688353477737,-9.142713528507972,0
2025-01-03 10:17:00,25.974807075081735,38.736884620434076,-9.142714271057397,0
2025-01-03 10:18:00,25.193847563869618,38.73688755959915,-9.142717564785114,0
2025-01-03 10:19:00,24.848587898724226,38.73688815045372,-9.142716355600424,0
2025-01-03 10:20:00,24.824913238650673,38.73688947734918,-9.142717707228366,0
2025-01-03 10:21:00,24.062085514782005,38.736888028856114,-9.142720850384523,0
2025-01-03 10:22:00,32.45576672134949,38.73688920152207,-9.142722437957572,1
2025-01-03 10:23:00,24.953297681792318,38.73688840926987,-9.14272213924517,0
2025-01-03 10:24:00,24.891712051845623,38.736887503058135,-9.142722549701933,0
2025-01-03 10:25:00,26.915864540706917,38.73688929250516,-9.142724896015052,0
2025-01-03 10:26:00,25.17925174501941,38.736891095751915,-9.142728305752255,0
2025-01-03 10:27:00,24.54892536994289,38.73689447263623,-9.142728157886681,0
2025-01-03 10:28:00,24.744185442276674,38.7368977191626,-9.142729319422894,0
2025-01-03 10:29:00,25.689067425518054,38.736899553792924,-9.142729835584314,0
2025-01-03 10:30:00,25.067962246322658,38.736896112901704,-9.14273015495469,0
2025-01-03 10:31:00,24.13703321300958,38.73689976826367,-9.142729294823315,0
2025-01-03 10:32:00,25.551537360745122,38.736901604199005,-9.14272760093031,0
2025-01-03 10:33:00,24.599113548676602,38.736900072478825,-9.14272730791191,0
2025-01-03 10:34:00,31.137923612264018,38.73690153029714,-9.14272794883701,1
2025-01-03 10:35:00,25.64802883942879,38.73689945576566,-9.142727899309932,0
2025-01-03 10:36:00,24.73160686260475,38.736900693025895,-9.142728577783867,0
2025-01-03 10:37:00,25.768609817041067,38.736898060485814,-9.142731862890574,0
2025-01-03 10:38:00,25.04071330631644,38.736896444048995,-9.142729678998231,0
2025-01-03 10:39:00,25.51166420507333,38.73689786390725,-9.142727872120506,0
2025-01-03 10:40:00,25.290839690376686,38.73690000968074,-9.14272389545252,0
2025-01-03 10:41:00,24.492186007005476,38.73690066055446,-9.142719334453906,0
2025-01-03 10:42:00,24.61387010060952,38.73690008821719,-9.142721686494172,0
2025-01-03 10:43:00,25.617976490548696,38.736895858484594,-9.142722357294012,0
2025-01-03 10:44:00,24.799134800736077,38.736895440442396,-9.142717334214819,0
2025-01-03 10:45:00,24.7578109220548,38.73689650741255,-9.14271741531605,0
2025-01-03 10:46:00,24.42692645239039,38.73689587388234,-9.142716926894245,0
2025-01-03 10:47:00,25.254159439356076,38.73689582872646,-9.142719969154149,0
2025-01-03 10:48:00,26.237514951545887,38.73689545749152,-9.142719668576884,0
2025-01-03 10:49:00,24.359480251447437,38.736894814079086,-9.142715804696135,0
2025-01-03 10:50:00,25.014531674003656,38.73689496583387,-9.142713231444516,0
2025-01-03 10:51:00,25.84733233324926,38.7368944204447,-9.142714451413758,0
2025-01-03 10:52:00,24.95221516525257,38.73689730702381,-9.14271524404649,0
2025-01-03 10:53:00,25.27142307774984,38.73689289418611,-9.142717505847076,0
2025-01-03 10:54:00,24.36256388311187,38.73689180250094,-9.142719208173357,0
2025-01-03 10:55:00,25.25698425832459,38.73689006198849,-9.142723028597214,0
2025-01-03 10:56:00,24.88771344099727,38.7368905002097,-9.142723198236563,0
2025-01-03 10:57:00,25.59143799740792,38.73689065449926,-9.142720178015203,0
2025-01-03 10:58:00,25.712431630938852,38.73689389888547,-9.142719467151355,0
2025-01-03 10:59:00,26.553738185211166,38.73689780116956,-9.142716734673375,0
2025-01-03 11:00:00,25.347779903928146,38.736896255002655,-9.142714588174574,0
2025-01-03 11:01:00,25.1954777899493,38.73689625600279,-9.142715681790753,0
2025-01-03 11:02:00,25.116630580946403,38.73689664861162,-9.142717200804075,0
2025-01-03 11:03:00,24.788100224313588,38.736895052984124,-9.14271864317319,0
2025-01-03 11:04:00,25.203090306077016,38.73689630974819,-9.142722077297087,0
2025-01-03 11:05:00,24.822759153916582,38.73689583073345,-9.14272201263662,0
2025-01-03 11:06:00,25.101076585761767,38.736893695463756,-9.142727821565414,0
2025-01-03 11:07:00,25.790558521364776,38.73689313632715,-9.142726638734395,0
2025-01-03 11:08:00,24.396074460832214,38.736891140978,-9.142726494972523,0
2025-01-03 11:09:00,25.683927136677426,38.73689321427166,-9.142725552092791,0
2025-01-03 11:10:00,25.79026904040392,38.73689701739017,-9.142723438060225,0
2025-01-03 11:11:00,24.929158883805353,38.736897507028914,-9.142723040471049,0
2025-01-03 11:12:00,23.726887060594844,38.73689772958245,-9.142719777327573,0
2025-01-03 11:13:00,24.63530680774334,38.73689803445199,-9.142718533435952,0
2025-01-03 11:14:00,25.778196727936667,38.73690039892004,-9.142720047689645,0
2025-01-03 11:15:00,24.986279162620672,38.73690272031805,-9.142720523111729,0
2025-01-03 11:16:00,24.400418660623053,38.736902489010916,-9.142725045693782,0
2025-01-03 11:17:00,24.69713504726307,38.73690299419077,-9.142726850074663,0
2025-01-03 11:18:00,25.50437201590273,38.736904299483584,-9.142727612067475,0
2025-01-03 11:19:00,25.328040140920827,38.73690202410867,-9.142726519520256,0
2025-01-03 11:20:00,24.856640740498182,38.736904449325145,-9.142728020242313,0
2025-01-03 11:21:00,24.779905352911186,38.736907918988926,-9.14273051277034,0
2025-01-03 11:22:00,33.23487136219694,38.73691024905314,-9.142734287834147,1
2025-01-03 11:23:00,35.97844453015905,38.73690775786532,-9.142735480669185,1
2025-01-03 11:24:00,17.895556456925867,38.7369038178644,-9.142731578965579,1
2025-01-03 11:25:00,36.6696567103658,38.73690523530175,-9.14273103675151,1
2025-01-03 11:26:00,25.7302951124953,38.73690371492285,-9.142729157592685,0
2025-01-03 11:27:00,25.91278963115347,38.73690428918956,-9.14273095770115,0
2025-01-03 11:28:00,25.598986538888777,38.736907359487,-9.14273410460067,0
2025-01-03 11:29:00,24.741027812369172,38.736906045576646,-9.142736546755598,0
2025-01-03 11:30:00,25.242238054201966,38.736905290467334,-9.142736741017817,0
2025-01-03 11:31:00,24.98548263616545,38.73690584391328,-9.142740729275504,0
2025-01-03 11:32:00,24.45777888356192,38.736903248894,-9.142742742456337,0
2025-01-03 11:33:00,25.194615569032962,38.73690173318161,-9.142743915177709,0
2025-01-03 11:34:00,24.29257612530412,38.73690178289662,-9.142746557028321,0
2025-01-03 11:35:00,25.71260763307694,38.73690118198688,-9.142750804394355,0
2025-01-03 11:36:00,24.721229621620964,38.736902398802386,-9.142750225086958,0
2025-01-03 11:37:00,25.120695793523705,38.73690793076162,-9.14275013334407,0
2025-01-03 11:38:00,25.169972722927685,38.73690812903829,-9.142748575284333,0
2025-01-03 11:39:00,24.844657015777553,38.7369064456144,-9.142750796135832,0
2025-01-03 11:40:00,25.352016280885167,38.73690928209511,-9.142749276290347,0
2025-01-03 11:41:00,24.715057806026486,38.736906104458164,-9.142746217681957,0
2025-01-03 11:42:00,25.522778378474346,38.736903326641816,-9.142745693252493,0
2025-01-03 11:43:00,24.19241219185195,38.73690213643494,-9.142746913125082,0
2025-01-03 11:44:00,17.898810284599087,38.7369015706615,-9.142746622963783,1
2025-01-03 11:45:00,32.33187489515748,38.73690033251603,-9.14274793853856,1
2025-01-03 11:46:00,17.69369482756626,38.73690026949138,-9.142749587105676,1
2025-01-03 11:47:00,8.40604402417307,38.73690081897519,-9.142748220584897,1
2025-01-03 11:48:00,16.41019560759068,38.736902956894255,-9.142748498685537,1
2025-01-03 11:49:00,17.197323344500504,38.7369031392708,-9.142746088494231,1
2025-01-03 11:50:00,25.210378059564135,38.736902015378305,-9.14274697334021,0
2025-01-03 11:51:00,25.2935122780886,38.73690404466908,-9.14274765568937,0
2025-01-03 11:52:00,25.380832881137064,38.73690240923813,-9.14274878871136,0
2025-01-03 11:53:00,25.665819905173734,38.736899144032634,-9.142751029078237,0
2025-01-03 11:54:00,25.245891194157107,38.73690155594467,-9.14274940022844,0
2025-01-03 11:55:00,24.855245407228875,38.73690383965116,-9.14274502880511,0
2025-01-03 11:56:00,25.40354422072164,38.736902255054375,-9.14274579325959,0
2025-01-03 11:57:00,26.13992916093713,38.73690145685667,-9.142747154251476,0
2025-01-03 11:58:00,24.920419752170456,38.73689962300158,-9.142748644898443,0
2025-01-03 11:59:00,24.415282417197616,38.73690027625001,-9.142750004364899,0
2025-01-03 12:00:00,25.664248401572184,38.736903740348595,-9.142746704797526,0
2025-01-03 12:01:00,24.927771301627843,38.73690514611219,-9.142748141758565,0
2025-01-03 12:02:00,23.69639827239158,38.73690721756148,-9.142749312292167,0
2025-01-03 12:03:00,25.508453006290253,38.73690885701814,-9.142751793000672,0
2025-01-03 12:04:00,31.33087954368719,38.73690885677985,-9.142751205703124,1
2025-01-03 12:05:00,24.945680030617503,38.73691102346072,-9.142751340162249,0
2025-01-03 12:06:00,25.19918819834141,38.73691251352185,-9.1427536145198,0
2025-01-03 12:07:00,25.11429980786744,38.73691539241328,-9.142755400178995,0
2025-01-03 12:08:00,25.425671090283423,38.736914473315395,-9.142752334312254,0
2025-01-03 12:09:00,24.738708177658093,38.73691099709212,-9.142752268896741,0
2025-01-03 12:10:00,25.30786347890565,38.73691308759415,-9.14275206552595,0
2025-01-03 12:11:00,24.84427199344965,38.73691378713319,-9.1427518542183,0
2025-01-03 12:12:00,25.4432862885325,38.736913195040984,-9.142749064967523,0
2025-01-03 12:13:00,25.369220490407834,38.73691271473536,-9.142751155396247,0
2025-01-03 12:14:00,24.438736778773244,38.73691782410801,-9.14275194818729,0
2025-01-03 12:15:00,25.65158926970502,38.736916539718706,-9.142752286117702,0
2025-01-03 12:16:00,24.67842193293157,38.736914833112095,-9.142755728469353,0
2025-01-03 12:17:00,25.48483467896869,38.736915003680565,-9.142757560752386,0
2025-01-03 12:18:00,25.220372388040804,38.73691736466232,-9.142755467402731,0
2025-01-03 12:19:00,26.102910206077073,38.73692192146629,-9.142753946975738,0
2025-01-03 12:20:00,24.865920410576887,38.73692323619622,-9.142752072841988,0
2025-01-03 12:21:00,24.790409922329083,38.73692069537873,-9.142753251022434,0
2025-01-03 12:22:00,18.587365981575854,38.73692463710727,-9.142754182412913,1
2025-01-03 12:23:00,24.818092130299434,38.73692459816987,-9.142757758543905,0
2025-01-03 12:24:00,25.47996514116523,38.736922922751006,-9.142755894674819,0
2025-01-03 12:25:00,24.030213634938047,38.7369207639661,-9.142753701370282,0
2025-01-03 12:26:00,24.367790548512186,38.73692243662354,-9.14275153352835,0
2025-01-03 12:27:00,24.359318247052485,38.7369229142823,-9.142748325345842,0
2025-01-03 12:28:00,25.570184555184145,38.73692360443306,-9.142747481128655,0
2025-01-03 12:29:00,26.026368023549153,38.7369261774393,-9.142744367364982,0
2025-01-03 12:30:00,24.937330468877516,38.73692457313012,-9.1427447683142,0
2025-01-03 12:31:00,24.898706966085992,38.73692730543937,-9.14274830233493,0
2025-01-03 12:32:00,25.042031297867908,38.73692626712473,-9.142746580885575,0
2025-01-03 12:33:00,25.697126981564914,38.73693059513948,-9.142750188663827,0
2025-01-03 12:34:00,24.443588119485657,38.736931792617504,-9.142749848259728,0
2025-01-03 12:35:00,25.14302138964087,38.73692995214045,-9.142747937612125,0
2025-01-03 12:36:00,25.58511857786946,38.73692590130428,-9.142747289094531,0
2025-01-03 12:37:00,25.300656501963907,38.736927519153724,-9.14274273260839,0
2025-01-03 12:38:00,25.113748969959246,38.736926770793175,-9.14274666446638,0
2025-01-03 12:39:00,25.600627655540286,38.73692645966178,-9.142746830187724,0
2025-01-03 12:40:00,23.378060624200458,38.7369279920538,-9.142746795276794,0
2025-01-03 12:41:00,25.406725191718543,38.73693001288145,-9.142749483482426,0
2025-01-03 12:42:00,32.903354054399585,38.736932460302135,-9.142751790948008,1
2025-01-03 12:43:00,23.901620261886126,38.73693011061952,-9.14275348120523,0
2025-01-03 12:44:00,25.306721559714987,38.73693296240902,-9.142755680499818,0
2025-01-03 12:45:00,25.824195127097774,38.736931804318345,-9.142755896489117,0
2025-01-03 12:46:00,24.917530891223386,38.736927291818475,-9.142757102418917,0
2025-01-03 12:47:00,25.57172472832176,38.73692493493778,-9.14275646660215,0
2025-01-03 12:48:00,25.96736695479319,38.73692537098797,-9.142755167741218,0
2025-01-03 12:49:00,25.78894867215043,38.73692341335948,-9.142754004183297,0
2025-01-03 12:50:00,25.983978717622836,38.73692323727054,-9.142754824435789,0
2025-01-03 12:51:00,25.445276494643135,38.73692391377551,-9.14275425548453,0
2025-01-03 12:52:00,25.045260183340957,38.73692355100471,-9.142752185226698,0
2025-01-03 12:53:00,24.038820512861697,38.73692256229603,-9.142751294097534,0
2025-01-03 12:54:00,24.85236250712203,38.736920060903905,-9.142747576142146,0
2025-01-03 12:55:00,24.494052042810285,38.73692010479152,-9.142745611784171,0
2025-01-03 12:56:00,26.302565630498687,38.736915974876744,-9.142742174970026,0
2025-01-03 12:57:00,24.8944685125406,38.73691460288066,-9.142747159656283,0
2025-01-03 12:58:00,25.07392288407069,38.736912747312445,-9.14274696630404,0
2025-01-03 12:59:00,25.33089122562428,38.73691226855874,-9.142747614169043,0
2025-01-03 13:00:00,25.02616146782347,38.73691184189914,-9.142747864128502,0
2025-01-03 13:01:00,26.017030624258453,38.73691376181249,-9.142749474047344,0
2025-01-03 13:02:00,24.626410382959328,38.736916928767045,-9.142748681648543,0
2025-01-03 13:03:00,25.116764473142347,38.736914693209364,-9.142752298361406,0
2025-01-03 13:04:00,24.55451764858117,38.736918678874616,-9.142751491487681,0
2025-01-03 13:05:00,24.207986493267576,38.736917120283415,-9.142753034910122,0
2025-01-03 13:06:00,24.632938545456827,38.73691746533698,-9.142754035682302,0
2025-01-03 13:07:00,24.977777921770954,38.73691848706296,-9.142753158678763,0
2025-01-03 13:08:00,24.742418665289645,38.73692337622847,-9.142753001123307,0
2025-01-03 13:09:00,24.584547412075686,38.73692229166379,-9.142750893281484,0
2025-01-03 13:10:00,24.1562095217969,38.736918698187765,-9.142752832288496,0
2025-01-03 13:11:00,24.95013665642278,38.73692167894671,-9.1427529936998,0
2025-01-03 13:12:00,24.097167775581397,38.73692001219959,-9.142751216153567,0
2025-01-03 13:13:00,25.456033578213763,38.736919289022424,-9.142750493754079,0
2025-01-03 13:14:00,25.049463851760702,38.736917053523115,-9.142749642565573,0
2025-01-03 13:15:00,24.12546910032104,38.73691633611557,-9.142747426479856,0
2025-01-03 13:16:00,24.814474553770083,38.7369146553325,-9.142748238964753,0
2025-01-03 13:17:00,24.54870615664565,38.736916008216134,-9.142749472626507,0
2025-01-03 13:18:00,34.66514280203924,38.73691616979939,-9.142748320817633,1
2025-01-03 13:19:00,25.804270267613887,38.73691480768907,-9.142748619680605,0
2025-01-03 13:20:00,23.87489651821255,38.736916799433025,-9.14274637527347,0
2025-01-03 13:21:00,25.06901564748845,38.736917309426524,-9.142745635726596,0
2025-01-03 13:22:00,24.903920322660017,38.736913617330025,-9.142746882427955,0
2025-01-03 13:23:00,25.40280404587028,38.736915456736654,-9.142746205659902,0
2025-01-03 13:24:00,25.127917976942612,38.73691582647242,-9.142748011059231,0
2025-01-03 13:25:00,24.54881840095671,38.7369186079374,-9.142746117202295,0
2025-01-03 13:26:00,24.808567638600028,38.736918855772245,-9.142748911506908,0
2025-01-03 13:27:00,24.522384485917907,38.736917272353544,-9.142746467376359,0
2025-01-03 13:28:00,25.64560428315916,38.73691686376288,-9.142745825623336,0
2025-01-03 13:29:00,25.012786989203164,38.73691847160154,-9.142746154745275,0
2025-01-03 13:30:00,26.140714411451803,38.73691693012742,-9.142744628076974,0
2025-01-03 13:31:00,24.963603511711227,38.736916049533846,-9.142743605423686,0
2025-01-03 13:32:00,24.574955939853723,38.736915606156685,-9.142740944660314,0
2025-01-03 13:33:00,24.091771364432304,38.73691330741347,-9.142738302536838,0
2025-01-03 13:34:00,23.918116194246434,38.73691179476662,-9.14273759795595,0
2025-01-03 13:35:00,24.049518434196706,38.736912139867,-9.142739341497325,0
2025-01-03 13:36:00,25.16027599060689,38.7369145448225,-9.142740424515326,0
2025-01-03 13:37:00,25.30523501393796,38.736915179116465,-9.142740567809097,0
2025-01-03 13:38:00,24.05128557878072,38.736915087393946,-9.142738404365709,0
2025-01-03 13:39:00,25.53702298844567,38.7369134248524,-9.142739317138632,0
2025-01-03 13:40:00,24.710163368989935,38.736915615173224,-9.142740063019673,0
2025-01-03 13:41:00,25.08807580719133,38.73691648218422,-9.142736366318415,0
2025-01-03 13:42:00,25.967332376953255,38.7369150687247,-9.142736574915437,0
2025-01-03 13:43:00,25.53810358951932,38.736916866021616,-9.142737844379218,0
2025-01-03 13:44:00,24.8388816112565,38.73691798517574,-9.14273629108716,0
2025-01-03 13:45:00,24.46528466475083,38.73691635811504,-9.142736403355727,0
2025-01-03 13:46:00,23.708910759202418,38.73691615535853,-9.142739182554054,0
2025-01-03 13:47:00,24.568508008454547,38.73691516981307,-9.142737100725888,0
2025-01-03 13:48:00,24.873321856703384,38.73692043688895,-9.142738594804529,0
2025-01-03 13:49:00,24.407692283709288,38.73692150037871,-9.142738507633332,0
2025-01-03 13:50:00,31.123735708820913,38.73692187390282,-9.14273864391156,1
2025-01-03 13:51:00,25.046111129775262,38.73692281922894,-9.142738183709213,0
2025-01-03 13:52:00,24.865086410915154,38.73692557755411,-9.142742565857358,0
2025-01-03 13:53:00,24.609998451505923,38.73692541079382,-9.142743236056315,0
2025-01-03 13:54:00,25.101192803180037,38.73692423097523,-9.142740986382195,0
2025-01-03 13:55:00,25.265164389741646,38.73692591954168,-9.142738455491155,0
2025-01-03 13:56:00,24.34576055353429,38.736925569652556,-9.14274043807192,0
2025-01-03 13:57:00,25.84655942784776,38.736923429861896,-9.142738596875434,0
2025-01-03 13:58:00,24.940847120629442,38.73692090048903,-9.142740119734942,0
2025-01-03 13:59:00,25.011309773766907,38.736923959082134,-9.14274086879946,0
2025-01-03 14:00:00,25.424928653953934,38.736924222371265,-9.142741512768195,0
2025-01-03 14:01:00,25.1399296787581,38.7369230432365,-9.142741295160775,0
2025-01-03 14:02:00,25.571881980347946,38.73692257456668,-9.142739292427862,0
2025-01-03 14:03:00,25.172274499121094,38.73692418945611,-9.14273876325879,0
2025-01-03 14:04:00,24.632537575215736,38.736923602645085,-9.142739015522311,0
2025-01-03 14:05:00,25.21690211512366,38.73692070380562,-9.142737080899845,0
2025-01-03 14:06:00,24.313764275607603,38.736921355487326,-9.142738686222625,0
2025-01-03 14:07:00,25.065135823465916,38.73692377218296,-9.142738840657513,0
2025-01-03 14:08:00,24.980062005613323,38.736926055111596,-9.142736849095055,0
2025-01-03 14:09:00,24.875129885636476,38.73692493645172,-9.142735790482632,0
2025-01-03 14:10:00,24.922877493136642,38.736927474797035,-9.142736723090588,0
2025-01-03 14:11:00,23.870890572701416,38.73692790069698,-9.14273974900412,0
2025-01-03 14:12:00,24.670765055355425,38.73693038299167,-9.142739127287738,0
2025-01-03 14:13:00,25.05570694068467,38.73693153036573,-9.142742284638143,0
2025-01-03 14:14:00,25.09591383519844,38.736928487172044,-9.14274270964087,0
2025-01-03 14:15:00,24.383394915444427,38.73693198064992,-9.142740351744074,0
2025-01-03 14:16:00,25.75942470451882,38.73693208421762,-9.14273915822678,0
2025-01-03 14:17:00,24.480295091071298,38.73693323780527,-9.142743205534737,0
2025-01-03 14:18:00,25.581674320316043,38.736930549716014,-9.142742804631729,0
2025-01-03 14:19:00,25.256316617123012,38.736931560369015,-9.142743442971557,0
2025-01-03 14:20:00,24.612263614093717,38.73693376622448,-9.14274599040636,0
2025-01-03 14:21:00,26.065186535565708,38.73693763686515,-9.142745320363767,0
2025-01-03 14:22:00,24.28381790094611,38.73694043766474,-9.142746303839465,0
2025-01-03 14:23:00,25.551492504166,38.73694154611415,-9.142747274907542,0
2025-01-03 14:24:00,25.600349390825787,38.73693845735944,-9.142747026817306,0
2025-01-03 14:25:00,24.597627874554014,38.73693872190503,-9.142748278586367,0
2025-01-03 14:26:00,25.835479180038597,38.7369375368859,-9.142748087114699,0
2025-01-03 14:27:00,24.849972091240627,38.73693800684164,-9.142749273764478,0
2025-01-03 14:28:00,25.173216177567916,38.73693557418998,-9.142750350687399,0
2025-01-03 14:29:00,25.156193103262734,38.73693515385616,-9.142748364827861,0
2025-01-03 14:30:00,24.91941475511767,38.736934119489995,-9.142746175484588,0
2025-01-03 14:31:00,25.48648496389587,38.736933023157285,-9.142749592793082,0
2025-01-03 14:32:00,25.476093232331326,38.73693194668491,-9.142748098647395,0
2025-01-03 14:33:00,23.95088081605709,38.73693167497548,-9.142745301465386,0
2025-01-03 14:34:00,35.83610873833665,38.736932247365,-9.14274218671175,1
2025-01-03 14:35:00,31.69613012772632,38.73692725037782,-9.142741145952298,1
2025-01-03 14:36:00,34.04516286539969,38.736922497512104,-9.142743260748015,1
2025-01-03 14:37:00,25.67602308209655,38.736921820129425,-9.142742000786333,0
2025-01-03 14:38:00,24.345420141870882,38.73692142459134,-9.142743739291044,0
2025-01-03 14:39:00,24.75351142722725,38.73692180281377,-9.142744425221377,0
2025-01-03 14:40:00,24.33657719890844,38.73692034746906,-9.142743659057063,0
2025-01-03 14:41:00,24.87104738182676,38.73692036639945,-9.142745268575755,0
2025-01-03 14:42:00,24.815179429488555,38.73692061944586,-9.14274756137637,0
2025-01-03 14:43:00,25.467796319361604,38.73691915032967,-9.142746629829732,0
2025-01-03 14:44:00,25.786185247671764,38.73692117724131,-9.142742895381323,0
2025-01-03 14:45:00,25.837410286473975,38.73692153121393,-9.142740408912662,0
2025-01-03 14:46:00,24.662699184053018,38.736922625136124,-9.142738994540291,0
2025-01-03 14:47:00,31.41630502293205,38.73692276282759,-9.142737036169422,1
2025-01-03 14:48:00,23.98993708466743,38.73692697017379,-9.142735760730426,0
2025-01-03 14:49:00,24.516477960102286,38.73692816296793,-9.142734860929968,0
2025-01-03 14:50:00,25.578910979858474,38.7369271869813,-9.142733063694289,0
2025-01-03 14:51:00,25.96934969412894,38.73692882891507,-9.142735800420473,0
2025-01-03 14:52:00,24.259390676872048,38.736925553705234,-9.142735401449874,0
2025-01-03 14:53:00,24.644521444508264,38.73692579290576,-9.142735563346287,0
2025-01-03 14:54:00,24.984156545824643,38.73692643122634,-9.142735405540623,0
2025-01-03 14:55:00,25.168096695291766,38.73692669326786,-9.142736328285054,0
2025-01-03 14:56:00,24.514237888047013,38.73692602571012,-9.142735287309364,0
2025-01-03 14:57:00,25.254436626678455,38.73692400116341,-9.142736923165383,0
2025-01-03 14:58:00,24.71569639175745,38.736922422469384,-9.142737990875242,0
2025-01-03 14:59:00,24.991328637473032,38.73692262661921,-9.14273929863507,0
2025-01-03 15:00:00,25.32777054880222,38.73692039958075,-9.142737570741795,0
2025-01-03 15:01:00,25.003853361886563,38.73692393991598,-9.142737594188802,0
2025-01-03 15:02:00,24.73816846568406,38.73691865812062,-9.14273851585348,0
2025-01-03 15:03:00,24.9342341176445,38.73691801124489,-9.14273926271287,0
2025-01-03 15:04:00,24.9469822244768,38.736918232024166,-9.142739254951637,0
2025-01-03 15:05:00,24.777993382070722,38.73691924686602,-9.1427360106018,0
2025-01-03 15:06:00,24.84472236239974,38.73691741501656,-9.142738483642473,0
2025-01-03 15:07:00,25.95918830230283,38.73691968360615,-9.142737132622477,0
2025-01-03 15:08:00,25.336551668764745,38.73691689594407,-9.142736188897802,0
2025-01-03 15:09:00,24.822711809182504,38.73691576368689,-9.142737954828599,0
2025-01-03 15:10:00,25.41817264270644,38.736917005182,-9.142735021082018,0
2025-01-03 15:11:00,24.799708306146393,38.73691908555913,-9.142733942521117,0
2025-01-03 15:12:00,25.703874782551985,38.73691627755654,-9.142734957987722,0
2025-01-03 15:13:00,25.221785315318858,38.73692156763012,-9.142738676814375,0
2025-01-03 15:14:00,24.935618713597464,38.73691977264699,-9.142738218520705,0
2025-01-03 15:15:00,25.268630155486168,38.73691714828204,-9.142738308011875,0
2025-01-03 15:16:00,24.057474308758902,38.73691815371182,-9.142740369437737,0
2025-01-03 15:17:00,24.323939518654118,38.73691745712491,-9.142742456666557,0
2025-01-03 15:18:00,24.283644996160568,38.736916465020286,-9.142740719646824,0
2025-01-03 15:19:00,25.085765856858224,38.7369176563084,-9.142744631036638,0
2025-01-03 15:20:00,26.039508999691055,38.736914601717025,-9.142744002471128,0
2025-01-03 15:21:00,26.33878008771558,38.73691119744822,-9.142744377345078,0
2025-01-03 15:22:00,25.382830660864453,38.73691000260149,-9.142743383035421,0
2025-01-03 15:23:00,25.300506684966674,38.73691215840497,-9.14274397164544,0
2025-01-03 15:24:00,23.919365359508358,38.73691105029438,-9.14274338509551,0
2025-01-03 15:25:00,24.674395720159588,38.736914248607754,-9.1427448706452,0
2025-01-03 15:26:00,24.527329748855056,38.736916650637276,-9.142744969055032,0
2025-01-03 15:27:00,24.62749144104933,38.73691721652964,-9.142743990887276,0
2025-01-03 15:28:00,24.899113708849125,38.73691789597736,-9.142743689143535,0
2025-01-03 15:29:00,24.716745653381725,38.73691845998261,-9.142742928529849,0
2025-01-03 15:30:00,17.65485277900325,38.73691877941807,-9.142744784372448,1
2025-01-03 15:31:00,25.44874615367052,38.736918046934676,-9.142745965721572,0
2025-01-03 15:32:00,24.356354184556118,38.736917546559006,-9.14274711240125,0
2025-01-03 15:33:00,25.14354811846669,38.736915406638694,-9.142747665380762,0
2025-01-03 15:34:00,26.244449601849983,38.73691098655312,-9.142744948215022,0
2025-01-03 15:35:00,24.448369245048145,38.73691319469434,-9.142745656572533,0
2025-01-03 15:36:00,23.481827486352202,38.736913509211206,-9.142747943691452,0
2025-01-03 15:37:00,24.828397466871934,38.73691352163392,-9.142746860400077,0
2025-01-03 15:38:00,25.660575780999142,38.736914318532165,-9.142744167113214,0
2025-01-03 15:39:00,26.175008472532355,38.73691266173726,-9.142746689536917,0
2025-01-03 15:40:00,24.26227024332855,38.73691065961283,-9.142742743915408,0
2025-01-03 15:41:00,25.298019533941915,38.73691009224344,-9.142741913562203,0
2025-01-03 15:42:00,24.72081372593197,38.7369128284404,-9.142739845780625,0
2025-01-03 15:43:00,24.93643098741752,38.73691049095835,-9.142736911637355,0
2025-01-03 15:44:00,26.58660600821022,38.73690523682764,-9.14273496640207,0
2025-01-03 15:45:00,24.098217802962907,38.73690419402545,-9.142735187473264,0
2025-01-03 15:46:00,25.152243796896744,38.736906479425286,-9.142732752076975,0
2025-01-03 15:47:00,25.28061590305926,38.73690301433724,-9.142732242877436,0
2025-01-03 15:48:00,25.65147179496361,38.73690065377003,-9.142730061907987,0
2025-01-03 15:49:00,25.058789892082537,38.73690118086351,-9.142727662157018,0
2025-01-03 15:50:00,25.18483032370246,38.736906320677576,-9.142729843950198,0
2025-01-03 15:51:00,24.765010859546926,38.736903604254245,-9.142728255347935,0
2025-01-03 15:52:00,25.161476164747064,38.73690081038606,-9.142728619131772,0
2025-01-03 15:53:00,24.794084634701555,38.736901487782795,-9.142728342750498,0
2025-01-03 15:54:00,25.37294313391363,38.736903897131675,-9.142728088565,0
2025-01-03 15:55:00,24.77823379837382,38.736902648934255,-9.142727914624565,0
2025-01-03 15:56:00,25.22626023634131,38.73689940614594,-9.142724867573941,0
2025-01-03 15:57:00,24.98244231178901,38.73690027364438,-9.142727600469195,0
2025-01-03 15:58:00,25.675630150463302,38.736901503327175,-9.142731045155909,0
2025-01-03 15:59:00,24.969163765846908,38.73690506063743,-9.142734911736051,0
2025-01-03 16:00:00,23.936180519075872,38.73690637453166,-9.142732773447523,0
2025-01-03 16:01:00,25.757152900428395,38.736908030663805,-9.142734320322507,0
2025-01-03 16:02:00,34.35532300367663,38.73690750637352,-9.142734055949568,1
2025-01-03 16:03:00,24.60774019681071,38.736912389382205,-9.142734285383817,0
2025-01-03 16:04:00,24.642603223573904,38.736911593098185,-9.142736058134098,0
2025-01-03 16:05:00,25.824662855902492,38.73691036925394,-9.142734355179623,0
2025-01-03 16:06:00,16.046016318961584,38.736913988283774,-9.14273461010556,1
2025-01-03 16:07:00,26.882649120195996,38.73691103980922,-9.142735085575714,0
2025-01-03 16:08:00,25.63363408543963,38.73690734499245,-9.142734619833098,0
2025-01-03 16:09:00,25.133943348477494,38.7369075841063,-9.142733178288928,0
2025-01-03 16:10:00,24.96706359963023,38.73690758063325,-9.142735096241415,0
2025-01-03 16:11:00,25.171332444914594,38.73690712485729,-9.14273335040472,0
2025-01-03 16:12:00,25.312673457027604,38.7369091127168,-9.14273045069768,0
2025-01-03 16:13:00,25.387129351570035,38.73690729630444,-9.142733302942418,0
2025-01-03 16:14:00,25.333362679602068,38.73690742463869,-9.14273274634446,0
2025-01-03 16:15:00,25.05374840875315,38.73690670442679,-9.142733356188884,0
2025-01-03 16:16:00,24.881596947815606,38.73690492198978,-9.142731957727724,0
2025-01-03 16:17:00,24.909236029807893,38.73690479830962,-9.14273439104615,0
2025-01-03 16:18:00,24.88305503178839,38.736906503501224,-9.142731133169697,0
2025-01-03 16:19:00,25.68026205812024,38.73691074463746,-9.14273434895931,0
2025-01-03 16:20:00,25.356134033368516,38.73691190347543,-9.14273483752119,0
2025-01-03 16:21:00,23.23576681920143,38.736906881805425,-9.142733968929038,0
2025-01-03 16:22:00,25.393540465917855,38.73690680552526,-9.142735341602732,0
2025-01-03 16:23:00,25.116841716831264,38.73690690513084,-9.14273702840583,0
2025-01-03 16:24:00,24.98877474613246,38.736908777548855,-9.142736583934555,0
2025-01-03 16:25:00,24.766888928146667,38.73690914716946,-9.142736428414715,0
2025-01-03 16:26:00,25.674467631991607,38.7369116533473,-9.142736416538376,0
2025-01-03 16:27:00,25.568515877273715,38.73691243668853,-9.142734699161354,0
2025-01-03 16:28:00,24.536273399305834,38.736915554284664,-9.14273548810674,0
2025-01-03 16:29:00,25.244231372274722,38.73691467679283,-9.14273484892144,0
2025-01-03 16:30:00,24.41700595927523,38.73691496547976,-9.142735862127058,0
2025-01-03 16:31:00,24.172229101126643,38.736916618762834,-9.14273756078603,0
2025-01-03 16:32:00,24.623969665246022,38.73691547437469,-9.142738130303286,0
2025-01-03 16:33:00,25.517436083429654,38.73691389434909,-9.14273912783366,0
2025-01-03 16:34:00,25.57187502722565,38.73691263564489,-9.142740025441263,0
2025-01-03 16:35:00,25.307851252058377,38.73691113721365,-9.142737694786428,0
2025-01-03 16:36:00,25.4350574721088,38.7369121823375,-9.142738202993336,0
2025-01-03 16:37:00,25.309706972268977,38.736908512721435,-9.142739528806679,0
2025-01-03 16:38:00,24.61511104286623,38.73690540078138,-9.142739472649131,0
2025-01-03 16:39:00,25.259153526804365,38.73690912627437,-9.142739264193253,0
2025-01-03 16:40:00,25.480245715136608,38.736907676080925,-9.142741637955712,0
2025-01-03 16:41:00,25.452574797888143,38.73690807611063,-9.142742234768257,0
2025-01-03 16:42:00,25.713348022884787,38.7369050978178,-9.142742912136905,0
2025-01-03 16:43:00,25.424982308320637,38.73690528606633,-9.142743256425453,0
2025-01-03 16:44:00,25.21086892452495,38.736903848053,-9.142741805368706,0
2025-01-03 16:45:00,31.492557880604217,38.736900721874,-9.142741532024964,1
2025-01-03 16:46:00,15.541612449038901,38.736903395714876,-9.142739076150269,1
2025-01-03 16:47:00,24.47087520926337,38.73690576084633,-9.14273909947098,0
2025-01-03 16:48:00,24.90215982163374,38.73690554613675,-9.14273554729642,0
2025-01-03 16:49:00,24.55305841311613,38.73690754497481,-9.142736468846447,0
2025-01-03 16:50:00,24.59489303501537,38.73691135156019,-9.142738007971209,0
2025-01-03 16:51:00,24.91328879757069,38.73691285971205,-9.14273691336586,0
2025-01-03 16:52:00,24.524548047400025,38.73691381907153,-9.142734185201984,0
2025-01-03 16:53:00,24.815223082216576,38.73691421697092,-9.142736942808595,0
2025-01-03 16:54:00,23.86383119982773,38.736915515965656,-9.14273733678989,0
2025-01-03 16:55:00,25.12797622442376,38.73691478812687,-9.14273855835378,0
2025-01-03 16:56:00,25.000723285217333,38.73691423485513,-9.142738272651755,0
2025-01-03 16:57:00,24.509746821359087,38.73691513663788,-9.142738252615908,0
2025-01-03 16:58:00,25.395547401059442,38.73691418890814,-9.142735561853412,0
2025-01-03 16:59:00,25.562542082575934,38.736913457308795,-9.142735778662999,0
2025-01-03 17:00:00,24.035464081378617,38.73691345768212,-9.142733029094801,0
2025-01-03 17:01:00,24.542365132860272,38.736915758897226,-9.142733659295473,0
2025-01-03 17:02:00,24.538514590127622,38.736913493569716,-9.142731806331723,0
2025-01-03 17:03:00,24.43605813933468,38.73691501192672,-9.142731349005667,0
2025-01-03 17:04:00,25.497684905159048,38.736916595519546,-9.142727889234868,0
2025-01-03 17:05:00,24.883704316736317,38.736918167143564,-9.142730843264594,0
2025-01-03 17:06:00,24.841291095213634,38.73691655365081,-9.14273317098003,0
2025-01-03 17:07:00,23.797682581355946,38.73691316828757,-9.14272950773546,0
2025-01-03 17:08:00,25.381250818125537,38.73691428768852,-9.142730974265648,0
2025-01-03 17:09:00,24.256444963087915,38.73691466276609,-9.142732313872363,0
2025-01-03 17:10:00,25.035959578159797,38.73691667151936,-9.142734065319534,0
2025-01-03 17:11:00,25.166426162774915,38.7369152704457,-9.142731768427621,0
2025-01-03 17:12:00,19.701785447192574,38.73691679068246,-9.142734275342848,1
2025-01-03 17:13:00,24.214707760528533,38.736918899506676,-9.142734230442024,0
2025-01-03 17:14:00,23.188292706507504,38.73691870888724,-9.142734761685666,0
2025-01-03 17:15:00,25.11030972685222,38.73691954274624,-9.1427326886545,0
2025-01-03 17:16:00,26.080306708906512,38.73692030667916,-9.142733816019824,0
2025-01-03 17:17:00,25.74336781176366,38.7369186637401,-9.142732985474666,0
2025-01-03 17:18:00,25.125795649164775,38.736919725933305,-9.142735327907014,0
2025-01-03 17:19:00,14.178992929254433,38.73692297092999,-9.142730780024936,1
2025-01-03 17:20:00,25.484273557982387,38.73692301533786,-9.142731259209585,0
2025-01-03 17:21:00,24.415872280177318,38.73692009348798,-9.142731241682615,0
2025-01-03 17:22:00,25.28581466161373,38.73691871903492,-9.142727932173898,0
2025-01-03 17:23:00,25.303282095499977,38.73691516017602,-9.142729105519447,0
2025-01-03 17:24:00,25.636125944499327,38.736917740698274,-9.14272577075476,0
2025-01-03 17:25:00,26.655796023346646,38.73691926890887,-9.142726593697109,0
2025-01-03 17:26:00,25.23544958030726,38.73691826617033,-9.14272525030074,0
2025-01-03 17:27:00,24.6946218245755,38.73691543005048,-9.142726395664022,0
2025-01-03 17:28:00,24.984655412684802,38.736913763460564,-9.142729107736912,0
2025-01-03 17:29:00,23.93855445706653,38.73691248690663,-9.14272827854821,0
2025-01-03 17:30:00,24.583172121346564,38.736912705721835,-9.14272699874141,0
2025-01-03 17:31:00,24.754430537132137,38.73691285724052,-9.142729630512893,0
2025-01-03 17:32:00,24.685546961239243,38.73691554010447,-9.142730244629531,0
2025-01-03 17:33:00,25.091412923220233,38.73691415459476,-9.142727843111608,0
2025-01-03 17:34:00,24.506548040570678,38.73691113821904,-9.142726642873706,0
2025-01-03 17:35:00,25.672618400394683,38.736908824262095,-9.14272743330371,0
2025-01-03 17:36:00,25.000124238950917,38.73690877821239,-9.142728628355114,0
2025-01-03 17:37:00,24.99441980731683,38.736907320856254,-9.142724731866464,0
2025-01-03 17:38:00,24.80326317009225,38.73690673683916,-9.142727625730602,0
2025-01-03 17:39:00,25.093114410315387,38.736905828772,-9.142727744127752,0
2025-01-03 17:40:00,25.49505895880058,38.73690780924891,-9.142730673521498,0
2025-01-03 17:41:00,24.47972187057346,38.73690663531753,-9.142728043892209,0
2025-01-03 17:42:00,24.605130106554846,38.73690588063338,-9.142728058139433,0
2025-01-03 17:43:00,17.13925485150676,38.73690731520054,-9.142727701791264,1
2025-01-03 17:44:00,24.192477445916072,38.73690618523672,-9.142722164006644,0
2025-01-03 17:45:00,24.508445284167102,38.73690703166147,-9.142723350951997,0
2025-01-03 17:46:00,24.714267475873203,38.736907694631995,-9.142719853800168,0
2025-01-03 17:47:00,15.818778316602899,38.736907978163714,-9.142720635263997,1
2025-01-03 17:48:00,25.157536797401153,38.736905709370944,-9.142721102288911,0
2025-01-03 17:49:00,25.11615394682053,38.73690816891939,-9.1427158259384,0
2025-01-03 17:50:00,35.42556145057359,38.736912610286986,-9.142716148119153,1
2025-01-03 17:51:00,18.715719573022213,38.73691262794326,-9.142718896861961,1
2025-01-03 17:52:00,16.733489645420946,38.73691053523352,-9.142718333024385,1
2025-01-03 17:53:00,24.938066948240504,38.736910593438935,-9.142718678498037,0
2025-01-03 17:54:00,25.159217409639776,38.736912573159216,-9.142717944306353,0
2025-01-03 17:55:00,24.65034480543305,38.73691134278386,-9.14271821150194,0
2025-01-03 17:56:00,23.53670970503414,38.73691108498549,-9.142713780412707,0
2025-01-03 17:57:00,17.3478520671155,38.73691176629377,-9.14271266694103,1
2025-01-03 17:58:00,25.853648881659964,38.736914172389476,-9.142714816870285,0
2025-01-03 17:59:00,25.555729241344956,38.73691572323694,-9.14271456777668,0
2025-01-03 18:00:00,25.5792384907547,38.73691735697288,-9.142716167036328,0
2025-01-03 18:01:00,25.74167843308373,38.73691650443577,-9.142716662464014,0
2025-01-03 18:02:00,25.053194554576862,38.736917308273675,-9.142718483345435,0
2025-01-03 18:03:00,25.118389424443357,38.73691586434702,-9.142714269108389,0
2025-01-03 18:04:00,24.62940886273939,38.73691755539922,-9.14271565187762,0
2025-01-03 18:05:00,24.81035628638377,38.7369198578385,-9.142714276748915,0
2025-01-03 18:06:00,25.369462689862686,38.73692096456564,-9.142714923707759,0
2025-01-03 18:07:00,25.72233066230129,38.73692022974447,-9.142717240534104,0
2025-01-03 18:08:00,15.888466523588363,38.73691982229021,-9.142716845235498,1
2025-01-03 18:09:00,24.729886441089153,38.73692343532263,-9.142716043851824,0
2025-01-03 18:10:00,25.00031677531396,38.73692273390174,-9.142714926598758,0
2025-01-03 18:11:00,25.36072404935747,38.73692483389008,-9.142720171037068,0
2025-01-03 18:12:00,24.133687110319876,38.73692551167328,-9.142722640728495,0
2025-01-03 18:13:00,23.622291428117656,38.73692484340038,-9.142720725619057,0
2025-01-03 18:14:00,24.66967789030505,38.736922154102324,-9.142722572832982,0
2025-01-03 18:15:00,24.267572544451504,38.73692257730308,-9.142722166944882,0
2025-01-03 18:16:00,24.695115881411613,38.736922759504814,-9.142724682994272,0
2025-01-03 18:17:00,24.911331808709516,38.73692637257416,-9.142723219792067,0
2025-01-03 18:18:00,24.72805095458619,38.73692465218877,-9.142721357252876,0
2025-01-03 18:19:00,25.871480520682447,38.73692924172595,-9.142719893433062,0
2025-01-03 18:20:00,25.19604685876139,38.73692999934701,-9.142717828319439,0
2025-01-03 18:21:00,25.180284615766496,38.73693075500545,-9.142714700519148,0
2025-01-03 18:22:00,25.37332428642604,38.736929568861186,-9.142717048667413,0
2025-01-03 18:23:00,24.31670012933154,38.7369301982738,-9.142718626011273,0
2025-01-03 18:24:00,25.62346707245216,38.73693114437565,-9.142716830924133,0
2025-01-03 18:25:00,24.954541428078723,38.73693301903024,-9.14271457048459,0
2025-01-03 18:26:00,25.402288370344728,38.73693106238582,-9.142715919170497,0
2025-01-03 18:27:00,24.356885660175905,38.736933875947535,-9.142717406942628,0
2025-01-03 18:28:00,24.06774474039036,38.73693459877858,-9.142718711369607,0
2025-01-03 18:29:00,25.490733794815018,38.73693581523637,-9.142721921559536,0
2025-01-03 18:30:00,25.22584571565851,38.73693537335185,-9.1427244643819,0
2025-01-03 18:31:00,24.458769067385493,38.736933517066575,-9.14272695896719,0
2025-01-03 18:32:00,24.478202151235184,38.73693366251583,-9.142727547164137,0
2025-01-03 18:33:00,25.675260870648863,38.73693403710693,-9.142727005491105,0
2025-01-03 18:34:00,24.286352864279603,38.736931266250394,-9.142726138545443,0
2025-01-03 18:35:00,25.985603771953578,38.736932852821205,-9.142727155669949,0
2025-01-03 18:36:00,24.459627559211278,38.73693484587047,-9.142728123644181,0
2025-01-03 18:37:00,25.38303515536503,38.736933386541224,-9.14272787632119,0
2025-01-03 18:38:00,24.80282891455061,38.73693134137052,-9.142730868350306,0
2025-01-03 18:39:00,25.361912458649407,38.73693073544777,-9.142728949469241,0
2025-01-03 18:40:00,24.673531598731483,38.736930783237966,-9.142726378698683,0
2025-01-03 18:41:00,24.902324256356625,38.736930254895945,-9.142727629859959,0
2025-01-03 18:42:00,25.024551505237433,38.73693013306028,-9.142728426732278,0
2025-01-03 18:43:00,24.398687526531116,38.73693057601567,-9.142725940107828,0
2025-01-03 18:44:00,25.444494607252075,38.736927839477794,-9.14272618621101,0
2025-01-03 18:45:00,31.627323192489307,38.73692533288654,-9.142725009720118,1
2025-01-03 18:46:00,24.862840050795988,38.73691988833106,-9.142725194330906,0
2025-01-03 18:47:00,24.403390375234892,38.736921773421514,-9.142722081716128,0
2025-01-03 18:48:00,23.462599804722814,38.73692180387556,-9.142721101556873,0
2025-01-03 18:49:00,24.885383342439898,38.73692389957782,-9.142720006245328,0
2025-01-03 18:50:00,26.44756925296775,38.73692162410183,-9.142718873632251,0
2025-01-03 18:51:00,25.470762572738813,38.73692167291651,-9.142719983859724,0
2025-01-03 18:52:00,24.988443772159364,38.73692210256952,-9.142720910337998,0
2025-01-03 18:53:00,24.84226550247504,38.73692097900453,-9.142719371846718,0
2025-01-03 18:54:00,25.013479535687228,38.736917872148936,-9.14271911902106,0
2025-01-03 18:55:00,25.328271469105125,38.736921363891604,-9.142721474243075,0
2025-01-03 18:56:00,24.291512310814692,38.73692416245829,-9.142717728034226,0
2025-01-03 18:57:00,25.668593016801324,38.736923398593746,-9.142715771890492,0
2025-01-03 18:58:00,25.429228789264748,38.73692441904903,-9.142715696637843,0
2025-01-03 18:59:00,25.43091143542476,38.73692344946768,-9.142716243639807,0
2025-01-03 19:00:00,25.263085443285835,38.736921458660476,-9.142715846288091,0
2025-01-03 19:01:00,25.011769994616394,38.73692511318349,-9.142714811247894,0
2025-01-03 19:02:00,25.40371674158009,38.73692180244572,-9.142718877249365,0
2025-01-03 19:03:00,25.355088480244827,38.73692123143833,-9.142714652549946,0
2025-01-03 19:04:00,24.787575573435387,38.73692140008598,-9.142716232318564,0
2025-01-03 19:05:00,24.65583893626186,38.73692470255914,-9.14271623612983,0
2025-01-03 19:06:00,25.061113777157193,38.73692649573645,-9.142716166396065,0
2025-01-03 19:07:00,25.929412090897113,38.7369231512369,-9.142712172695628,0
2025-01-03 19:08:00,24.25653575460766,38.73692314573642,-9.14271234894331,0
2025-01-03 19:09:00,24.119484840548537,38.73692318785682,-9.14270917192872,0
2025-01-03 19:10:00,25.09885650474191,38.736922731180144,-9.142708358473781,0
2025-01-03 19:11:00,25.03053262111361,38.73692397079836,-9.142710282243506,0
2025-01-03 19:12:00,25.104004998622244,38.73692115258451,-9.14271001282857,0
2025-01-03 19:13:00,25.1463719187451,38.73692033531268,-9.142710249846013,0
2025-01-03 19:14:00,24.866078647219116,38.73692129295018,-9.142712417986983,0
2025-01-03 19:15:00,25.893918063161248,38.73692265210155,-9.142711702541444,0
2025-01-03 19:16:00,24.03945761291409,38.736922950940496,-9.142711658335944,0
2025-01-03 19:17:00,24.50290178513185,38.736922374156094,-9.142710545492534,0
2025-01-03 19:18:00,24.938047143910573,38.73692213427355,-9.142710158786974,0
2025-01-03 19:19:00,24.0140867133075,38.73692361508779,-9.142711460992768,0
2025-01-03 19:20:00,24.894487357340758,38.736923682889355,-9.142709924324784,0
2025-01-03 19:21:00,25.99688209943681,38.73692159919427,-9.142711173121345,0
2025-01-03 19:22:00,25.012531892977577,38.7369191321991,-9.14271737246239,0
2025-01-03 19:23:00,25.13842054343121,38.73691615292426,-9.142717115156493,0
2025-01-03 19:24:00,24.24390114089645,38.736919064085896,-9.142718223303948,0
2025-01-03 19:25:00,24.630183155176315,38.736920679009565,-9.14271745904294,0
2025-01-03 19:26:00,24.774882171805636,38.7369204660338,-9.142713461299468,0
2025-01-03 19:27:00,24.80937094194626,38.736919558448825,-9.142709405820082,0
2025-01-03 19:28:00,25.768986277002263,38.736918410588814,-9.142709736065926,0
2025-01-03 19:29:00,25.334614636435074,38.736920597063026,-9.142711389096268,0
2025-01-03 19:30:00,24.33312522583778,38.73692440593005,-9.142710219729704,0
2025-01-03 19:31:00,25.1479028670592,38.73692319514419,-9.142710960180889,0
2025-01-03 19:32:00,25.29893304909807,38.73692547197524,-9.142710176627844,0
2025-01-03 19:33:00,25.68408942311276,38.736925528001066,-9.142711498349367,0
2025-01-03 19:34:00,25.948324411941023,38.73692510314321,-9.142710996964537,0
2025-01-03 19:35:00,24.39094348490328,38.73692811157177,-9.14271262091284,0
2025-01-03 19:36:00,24.513485493273798,38.73692809124033,-9.142710252406008,0
2025-01-03 19:37:00,24.24545328465123,38.73692868396921,-9.14271143236139,0
2025-01-03 19:38:00,24.85958808453581,38.73692918051707,-9.142710110156319,0
2025-01-03 19:39:00,25.2798150246678,38.736925929318346,-9.142712639690885,0
2025-01-03 19:40:00,25.592400709953463,38.73692650614064,-9.142711077343172,0
2025-01-03 19:41:00,24.954429385814485,38.73692538075659,-9.14271301011131,0
2025-01-03 19:42:00,24.808091486047093,38.73692253845031,-9.142712487757697,0
2025-01-03 19:43:00,25.091054795349244,38.73692150417615,-9.14271044135575,0
2025-01-03 19:44:00,24.498914259021987,38.73692045339841,-9.142710841321547,0
2025-01-03 19:45:00,26.253723233016864,38.73692251316349,-9.142712899655368,0
2025-01-03 19:46:00,24.035403383729165,38.736920385584256,-9.142711906030353,0
2025-01-03 19:47:00,25.110844347337434,38.73691880588938,-9.142713587993152,0
2025-01-03 19:48:00,26.214163731537784,38.7369192766659,-9.142714396484351,0
2025-01-03 19:49:00,25.004079906736,38.73691662507836,-9.142713865559031,0
2025-01-03 19:50:00,24.885976578999102,38.73691530706484,-9.14271114420696,0
2025-01-03 19:51:00,24.785532746313745,38.73691197811137,-9.142711091100251,0
2025-01-03 19:52:00,24.891764990942555,38.73691381813429,-9.142711045385232,0
2025-01-03 19:53:00,25.82370908480592,38.73691321540805,-9.142709570359445,0
2025-01-03 19:54:00,23.672882853202296,38.73691318357236,-9.142709469615651,0
2025-01-03 19:55:00,18.503450545087986,38.736915015593,-9.142708198555251,1
2025-01-03 19:56:00,32.045032187532726,38.73691357105523,-9.14270604148816,1
2025-01-03 19:57:00,24.840008602459353,38.736912947081215,-9.14270669696246,0
2025-01-03 19:58:00,24.742453347820803,38.73691083442522,-9.142713246983728,0
2025-01-03 19:59:00,25.35313196186243,38.736908717417776,-9.142714882837915,0
2025-01-03 20:00:00,24.04112538886975,38.736906876251986,-9.142712465473894,0
2025-01-03 20:01:00,25.277303599649166,38.736905891271206,-9.142712533003456,0
2025-01-03 20:02:00,26.21458577397211,38.73690512168014,-9.142713211263999,0
2025-01-03 20:03:00,24.182095597244313,38.73690569894444,-9.142710877694011,0
2025-01-03 20:04:00,25.113823700566236,38.73690391651054,-9.142711080343844,0
2025-01-03 20:05:00,24.602810693322034,38.736904555775894,-9.142715265410256,0
2025-01-03 20:06:00,25.255532323715823,38.736905525778475,-9.142718276014378,0
2025-01-03 20:07:00,25.011488666449452,38.73690459013411,-9.142717438718336,0
2025-01-03 20:08:00,24.615107854573413,38.73690298068497,-9.142717572500219,0
2025-01-03 20:09:00,25.292723370922644,38.73690315084303,-9.142714663187261,0
2025-01-03 20:10:00,26.082608865872047,38.7369027450081,-9.14271612972463,0
2025-01-03 20:11:00,24.885457724963622,38.73690318571176,-9.142716748726153,0
2025-01-03 20:12:00,25.43185476528891,38.736906325444636,-9.1427185177323,0
2025-01-03 20:13:00,24.224036225277302,38.73690646271873,-9.142719558920655,0
2025-01-03 20:14:00,24.426138173909195,38.73690518425761,-9.142723342728457,0
2025-01-03 20:15:00,25.283443766728226,38.73690340247838,-9.142724114097785,0
2025-01-03 20:16:00,25.89046961712158,38.73690169807512,-9.142724217835513,0
2025-01-03 20:17:00,34.55315683204901,38.73689877254251,-9.142724490497198,1
2025-01-03 20:18:00,24.812165181686108,38.736900638029724,-9.142720191390671,0
2025-01-03 20:19:00,24.999574843254013,38.73689617147209,-9.142716524421516,0
2025-01-03 20:20:00,24.24975535961817,38.736897147681724,-9.142718026220457,0
2025-01-03 20:21:00,25.36270919581322,38.73689541155391,-9.142722114093846,0
2025-01-03 20:22:00,25.529399837394045,38.73689438674348,-9.142722312494554,0
2025-01-03 20:23:00,24.728745800300153,38.73689259076819,-9.142721559474277,0
2025-01-03 20:24:00,24.7179747113443,38.736895482497516,-9.142723280442423,0
2025-01-03 20:25:00,25.159526937791227,38.736895515128715,-9.142724902393692,0
2025-01-03 20:26:00,24.737968158375644,38.736897095885766,-9.142721737283752,0
2025-01-03 20:27:00,24.960320431224506,38.73689969693949,-9.142722252386895,0
2025-01-03 20:28:00,26.25983307349991,38.73690002375044,-9.142720927886524,0
2025-01-03 20:29:00,24.8517845795524,38.736897632502895,-9.142722788497919,0
2025-01-03 20:30:00,24.784995908787266,38.736897191217395,-9.142722902378837,0
2025-01-03 20:31:00,24.611474916618903,38.73689570672136,-9.142723575055545,0
2025-01-03 20:32:00,25.44651518289996,38.73689469971304,-9.142724925802021,0
2025-01-03 20:33:00,24.89126549606914,38.736894510465454,-9.1427226152012,0
2025-01-03 20:34:00,24.610376177007144,38.73689424215417,-9.142725392955217,0
2025-01-03 20:35:00,25.792782419363807,38.7368950663725,-9.142724792841566,0
2025-01-03 20:36:00,31.918131725238574,38.736896180981084,-9.142725503084877,1
2025-01-03 20:37:00,24.639745860556776,38.73689591269073,-9.142724673435914,0
2025-01-03 20:38:00,23.88007602918363,38.73689671962857,-9.142725356589178,0
2025-01-03 20:39:00,25.604508213902154,38.736895620908854,-9.142723622203054,0
2025-01-03 20:40:00,24.589222104543996,38.736898250468506,-9.14272550160825,0
2025-01-03 20:41:00,25.47437535949766,38.73689711944593,-9.142723186501867,0
2025-01-03 20:42:00,23.8179377093729,38.7368995138189,-9.142723244107257,0
2025-01-03 20:43:00,25.535558402979586,38.736896561684716,-9.142725901112314,0
2025-01-03 20:44:00,24.27329684243153,38.7368958008702,-9.142724540681403,0
2025-01-03 20:45:00,25.438458471439915,38.73689513891385,-9.14272493838089,0
2025-01-03 20:46:00,25.00856384070186,38.73689569689744,-9.142728354056743,0
2025-01-03 20:47:00,24.427636348362014,38.73689742053105,-9.142727689120575,0
2025-01-03 20:48:00,24.755778212243932,38.73689492174064,-9.142725675929144,0
2025-01-03 20:49:00,25.41179107417402,38.73689270577456,-9.142723111657663,0
2025-01-03 20:50:00,25.06353667186914,38.73688990195842,-9.14272386836143,0
2025-01-03 20:51:00,25.350647788283492,38.73689254232682,-9.142723577725318,0
2025-01-03 20:52:00,26.18586435070929,38.736893137536704,-9.142723476652632,0
2025-01-03 20:53:00,24.06145503297337,38.736890968794285,-9.14272049704737,0
2025-01-03 20:54:00,25.970327544981174,38.73689008260454,-9.142722118024533,0
2025-01-03 20:55:00,25.062613562513928,38.73689244612733,-9.142723047343438,0
2025-01-03 20:56:00,24.460729571006123,38.73689188988887,-9.142724716784057,0
2025-01-03 20:57:00,24.201811824556607,38.73689121551259,-9.142727615085104,0
2025-01-03 20:58:00,24.88652776553378,38.73688965291918,-9.142727119510742,0
2025-01-03 20:59:00,25.552990067154674,38.73688760293455,-9.142723916914077,0
2025-01-03 21:00:00,24.92347052777348,38.73688996958217,-9.142724313882995,0
2025-01-03 21:01:00,25.906692958148408,38.73689331738535,-9.142726077676238,0
2025-01-03 21:02:00,24.129294585969063,38.73689134699654,-9.142725703956833,0
2025-01-03 21:03:00,24.992746631292366,38.736894156881206,-9.142724525720476,0
2025-01-03 21:04:00,24.248563933352127,38.73689318210237,-9.142724838446751,0
2025-01-03 21:05:00,25.21817912957498,38.73689424939836,-9.142722031376087,0
2025-01-03 21:06:00,25.53213243405838,38.73689706982597,-9.142723656099875,0
2025-01-03 21:07:00,24.747542923791368,38.73689677967278,-9.142724230039148,0
2025-01-03 21:08:00,23.43747168602372,38.73689612378894,-9.14272363806334,0
2025-01-03 21:09:00,25.119368888077897,38.73689772595087,-9.142722852135833,0
2025-01-03 21:10:00,25.262043131040105,38.736895506045194,-9.14272275767965,0
2025-01-03 21:11:00,25.24257685297702,38.73689780016795,-9.142725314519494,0
2025-01-03 21:12:00,25.741469315093294,38.736898085786734,-9.142720638496685,0
2025-01-03 21:13:00,24.35736779221057,38.73689693028572,-9.142721110436515,0
2025-01-03 21:14:00,25.40812966327027,38.73689572195051,-9.142720889901478,0
2025-01-03 21:15:00,25.715504507486784,38.73689295502549,-9.142719656379292,0
2025-01-03 21:16:00,23.93284744959609,38.73689188268116,-9.142720929390018,0
2025-01-03 21:17:00,25.191791095551388,38.73689135460563,-9.142720815537176,0
2025-01-03 21:18:00,24.697492101395397,38.73688923201857,-9.14272216991765,0
2025-01-03 21:19:00,24.95108639613901,38.73688914108862,-9.142721338816168,0
2025-01-03 21:20:00,25.208605890123003,38.736890086922784,-9.142721890861464,0
2025-01-03 21:21:00,24.70766286153187,38.73688965997851,-9.14272135342441,0
2025-01-03 21:22:00,24.594575152503033,38.736890985430165,-9.142723446499103,0
2025-01-03 21:23:00,25.020491450492816,38.7368893711502,-9.142725104331971,0
2025-01-03 21:24:00,24.347652436682317,38.736891377915725,-9.142727834613325,0
2025-01-03 21:25:00,24.348504922668887,38.73689162154514,-9.142729255673483,0
2025-01-03 21:26:00,25.4076239697739,38.73689471205948,-9.14273440272197,0
2025-01-03 21:27:00,24.310723578904806,38.7368995404941,-9.142735016922382,0
2025-01-03 21:28:00,25.39978750054553,38.73689860000692,-9.142736085402927,0
2025-01-03 21:29:00,25.27755477571237,38.73689774187916,-9.142735783581,0
2025-01-03 21:30:00,23.964515962725642,38.73689724939492,-9.14273569436555,0
2025-01-03 21:31:00,24.593461208598608,38.73689844079942,-9.142733180206013,0
2025-01-03 21:32:00,25.716465641828425,38.73690109273936,-9.142727991585645,0
2025-01-03 21:33:00,24.41130068131619,38.7368997871224,-9.142725716507618,0
2025-01-03 21:34:00,24.721357442614366,38.73690054961093,-9.142726622722796,0
2025-01-03 21:35:00,25.277236535951136,38.73690027775635,-9.142727609504295,0
2025-01-03 21:36:00,25.470034305569555,38.73690151397455,-9.142725872178211,0
2025-01-03 21:37:00,24.849076668373304,38.73690453288994,-9.1427292388676,0
2025-01-03 21:38:00,24.641493883185014,38.73690405223346,-9.142729869273452,0
2025-01-03 21:39:00,19.516911267981573,38.736900712498134,-9.142730345579322,1
2025-01-03 21:40:00,26.04333979827855,38.736902200301486,-9.142729177316353,0
2025-01-03 21:41:00,25.587314830469076,38.73690053489105,-9.14272794958366,0
2025-01-03 21:42:00,25.051190885539015,38.73690024865957,-9.142729438704741,0
2025-01-03 21:43:00,24.515040567015443,38.736901822721244,-9.142730267450064,0
2025-01-03 21:44:00,24.50173335606606,38.736902417510954,-9.142729377241555,0
2025-01-03 21:45:00,25.313508463159454,38.7369022140709,-9.142730975082866,0
2025-01-03 21:46:00,25.25103893253321,38.736901062307474,-9.142728562845997,0
2025-01-03 21:47:00,25.84095915576786,38.736895262519916,-9.14272734449553,0
2025-01-03 21:48:00,25.390270055521682,38.73689665916155,-9.142727001476434,0
2025-01-03 21:49:00,24.09815181894411,38.73689615325815,-9.142726219595238,0
2025-01-03 21:50:00,25.63116857063375,38.73689917993071,-9.142727153376471,0
2025-01-03 21:51:00,24.401163623611353,38.736899975986766,-9.142728405959316,0
2025-01-03 21:52:00,24.76961723682859,38.73689889373602,-9.142729255403749,0
2025-01-03 21:53:00,25.150120123751016,38.7369010274762,-9.142728255470363,0
2025-01-03 21:54:00,26.19740049387038,38.73690332973501,-9.142727853440402,0
2025-01-03 21:55:00,26.865951133603218,38.736902891671384,-9.142728698869321,0
2025-01-03 21:56:00,25.36403383548171,38.73690527896111,-9.142727199705835,0
2025-01-03 21:57:00,24.890082028767768,38.736904168345,-9.14272754759868,0
2025-01-03 21:58:00,25.32070338908833,38.736904487640544,-9.142728934220171,0
2025-01-03 21:59:00,25.5325932555243,38.736905630457315,-9.142728425537152,0
2025-01-03 22:00:00,24.807599424665685,38.73690720002048,-9.142730451596176,0
2025-01-03 22:01:00,26.077126813547395,38.73690844306418,-9.142733826043676,0
2025-01-03 22:02:00,25.138042455514842,38.73690777774982,-9.142733836252827,0
2025-01-03 22:03:00,25.298645853454836,38.7369099651451,-9.142735151080414,0
2025-01-03 22:04:00,25.399554551232676,38.736909716290455,-9.14273565938912,0
2025-01-03 22:05:00,25.252951966368673,38.736908578235735,-9.142737592854955,0
2025-01-03 22:06:00,25.503364300281767,38.736907469559796,-9.142735174990676,0
2025-01-03 22:07:00,24.629648088071846,38.73691134953658,-9.142736497976165,0
2025-01-03 22:08:00,24.665018947632383,38.73690986556972,-9.14273736197492,0
2025-01-03 22:09:00,24.339907460216985,38.73691244884018,-9.142736606208386,0
2025-01-03 22:10:00,25.263700738372137,38.736910177906786,-9.142739359436982,0
2025-01-03 22:11:00,25.467361902107267,38.73691115371768,-9.142742260536528,0
2025-01-03 22:12:00,25.27466371969113,38.73691174788458,-9.142741498630857,0
2025-01-03 22:13:00,26.004695460008524,38.736914990338335,-9.142742388526118,0
2025-01-03 22:14:00,24.996642388702572,38.736913681534546,-9.142744191516332,0
2025-01-03 22:15:00,25.40124499335551,38.73691182020611,-9.142742984769987,0
2025-01-03 22:16:00,24.34497947431641,38.736911587185354,-9.142744608613304,0
2025-01-03 22:17:00,24.76774017851536,38.73691491678901,-9.142745157637902,0
2025-01-03 22:18:00,25.417322654539465,38.736913148472055,-9.14274694989884,0
2025-01-03 22:19:00,25.509461266445886,38.736907971638786,-9.142746343024466,0
2025-01-03 22:20:00,24.82361983140149,38.73690809117446,-9.142743678872082,0
2025-01-03 22:21:00,24.95704044888516,38.7369099902203,-9.14274740095194,0
2025-01-03 22:22:00,24.089275751991515,38.736907962608434,-9.142747175636563,0
2025-01-03 22:23:00,24.785782479516033,38.73690965847278,-9.14274546245968,0
2025-01-03 22:24:00,25.53422989811187,38.73690758665081,-9.142746305415173,0
2025-01-03 22:25:00,25.34512300966394,38.73690729353374,-9.142748567499922,0
2025-01-03 22:26:00,25.300399432828726,38.73690879889837,-9.142747725572868,0
2025-01-03 22:27:00,25.029864212308578,38.73690642396757,-9.142745722265861,0
2025-01-03 22:28:00,25.004237895176907,38.73690678699423,-9.142743941221505,0
2025-01-03 22:29:00,24.603807316315933,38.73690921694125,-9.142743209402829,0
2025-01-03 22:30:00,25.41929705212152,38.73691016480945,-9.142743013575354,0
2025-01-03 22:31:00,25.252583766633634,38.736908723557335,-9.142744811600465,0
2025-01-03 22:32:00,25.29521130879568,38.73691176099404,-9.142743081110565,0
2025-01-03 22:33:00,24.684379094399453,38.736913077779064,-9.142741461196938,0
2025-01-03 22:34:00,23.707994248077252,38.73690935688307,-9.142743737313575,0
2025-01-03 22:35:00,25.65829162705222,38.736911085370295,-9.142743008354119,0
2025-01-03 22:36:00,24.712697526394958,38.73690994262179,-9.142741702706369,0
2025-01-03 22:37:00,24.48233454157413,38.73691033574889,-9.142739938478824,0
2025-01-03 22:38:00,25.416087347148395,38.73691235175689,-9.142740088458062,0
2025-01-03 22:39:00,24.76479241604852,38.73691125254773,-9.14274180359321,0
2025-01-03 22:40:00,25.635961830427973,38.7369079613625,-9.14274280782557,0
2025-01-03 22:41:00,25.370203569746018,38.73691097245288,-9.142744822325287,0
2025-01-03 22:42:00,25.410141593920287,38.73691330161982,-9.142744924446617,0
2025-01-03 22:43:00,24.18042657327968,38.7369131271078,-9.14274541821741,0
2025-01-03 22:44:00,25.72716639123184,38.7369148339507,-9.14274112814457,0
2025-01-03 22:45:00,25.156750318740315,38.736914095177234,-9.142739338790284,0
2025-01-03 22:46:00,24.778433716452277,38.736914289117585,-9.14273739969415,0
2025-01-03 22:47:00,25.08603308040535,38.7369140005417,-9.14273645698917,0
2025-01-03 22:48:00,23.934258860261007,38.73691334265353,-9.142737191624462,0
2025-01-03 22:49:00,25.245191686888404,38.736914061258695,-9.14273774240438,0
2025-01-03 22:50:00,24.382377095090757,38.73691164490104,-9.142738110142979,0
2025-01-03 22:51:00,24.18839782849388,38.736911141739384,-9.142737733676434,0
2025-01-03 22:52:00,24.086584488269267,38.73691177069833,-9.142736955336813,0
2025-01-03 22:53:00,25.667613024993955,38.736915446899744,-9.142736953919558,0
2025-01-03 22:54:00,18.527610949206252,38.73691311183131,-9.142737535116513,1
2025-01-03 22:55:00,25.9202366259499,38.73691415293743,-9.142738723347774,0
2025-01-03 22:56:00,24.67851912216862,38.73691541323498,-9.142741508645289,0
2025-01-03 22:57:00,23.97558522544423,38.73691165979752,-9.14273894188696,0
2025-01-03 22:58:00,24.330085336030805,38.73691248086155,-9.142734530827823,0
2025-01-03 22:59:00,25.741486972004164,38.736914241431705,-9.142732132154261,0
2025-01-03 23:00:00,24.906461093238,38.73691541873707,-9.142734650285513,0
2025-01-03 23:01:00,24.67102762210564,38.736915250882554,-9.142733076252373,0
2025-01-03 23:02:00,25.09601093551167,38.73691591736263,-9.142731028699771,0
2025-01-03 23:03:00,25.301069641700526,38.73691625705202,-9.142731835575168,0
2025-01-03 23:04:00,25.670439289541477,38.736912878137346,-9.142730857720688,0
2025-01-03 23:05:00,25.869099537935757,38.736913264777996,-9.142731770326753,0
2025-01-03 23:06:00,24.78413881252655,38.736912530637184,-9.142728712468763,0
2025-01-03 23:07:00,24.204371388350776,38.73691112099284,-9.14272798172692,0
2025-01-03 23:08:00,24.751920903326035,38.73691609093275,-9.142729816037901,0
2025-01-03 23:09:00,25.15616830394973,38.73691859616419,-9.142728476421706,0
2025-01-03 23:10:00,24.421744644273634,38.736916295820066,-9.14272635886036,0
2025-01-03 23:11:00,24.425709451062975,38.736916989092464,-9.142725962597057,0
2025-01-03 23:12:00,25.20627272892993,38.73691990514301,-9.142725003713673,0
2025-01-03 23:13:00,24.97080858905773,38.736916912744704,-9.142725143220531,0
2025-01-03 23:14:00,25.01967819724695,38.73691706671099,-9.142727411781438,0
2025-01-03 23:15:00,24.544902799179958,38.73691731485644,-9.142727715248954,0
2025-01-03 23:16:00,24.86175957147654,38.73691476587067,-9.142726669169688,0
2025-01-03 23:17:00,24.44546011343902,38.73691552497128,-9.142726925223425,0
2025-01-03 23:18:00,25.53411904667487,38.73691775746406,-9.142725323692572,0
2025-01-03 23:19:00,25.62114960083425,38.73692077355925,-9.142726108055694,0
2025-01-03 23:20:00,23.892287282657144,38.73692027483104,-9.142726761237348,0
2025-01-03 23:21:00,24.442293483884555,38.73692527812111,-9.142725098997353,0
2025-01-03 23:22:00,24.102082446945953,38.736921162187606,-9.14272465529232,0
2025-01-03 23:23:00,24.609985639355862,38.736921874621025,-9.142725478735482,0
2025-01-03 23:24:00,24.949937218125783,38.73691905003239,-9.142723411124729,0
2025-01-03 23:25:00,24.13021286818088,38.73691923039766,-9.142724788596166,0
2025-01-03 23:26:00,24.446884112124813,38.73691818658416,-9.142726242494083,0
2025-01-03 23:27:00,24.3976255767511,38.736919200339074,-9.142731901391706,0
2025-01-03 23:28:00,25.124360397639368,38.736918946577646,-9.142733009328802,0
2025-01-03 23:29:00,25.04160660222175,38.73691729460929,-9.142730391895444,0
2025-01-03 23:30:00,33.846313683514175,38.736915774027395,-9.142734536480818,1
2025-01-03 23:31:00,25.10609252328364,38.73691963894639,-9.142736440321098,0
2025-01-03 23:32:00,24.67199194924764,38.73692052599387,-9.142735562183987,0
2025-01-03 23:33:00,24.837006933804368,38.736917121736454,-9.142740051917533,0
2025-01-03 23:34:00,26.004071254179124,38.736918223311925,-9.142741073314761,0
2025-01-03 23:35:00,25.80427663107421,38.7369178339586,-9.142738791588329,0
2025-01-03 23:36:00,24.22025125784344,38.736917843160775,-9.142734705536725,0
2025-01-03 23:37:00,25.497839450727504,38.73691948293708,-9.142734125043594,0
2025-01-03 23:38:00,25.486837932694954,38.73692184939143,-9.142735977977631,0
2025-01-03 23:39:00,24.311042026748428,38.73692013176597,-9.142737898235108,0
2025-01-03 23:40:00,25.491266586252916,38.736920072282665,-9.14273760841917,0
2025-01-03 23:41:00,25.922759151047533,38.73691898006066,-9.142737046492527,0
2025-01-03 23:42:00,24.32647311625335,38.73692017378502,-9.142733330635007,0
2025-01-03 23:43:00,24.44949830739144,38.736919709176036,-9.142731389025302,0
2025-01-03 23:44:00,25.6105968801061,38.73691976767899,-9.142731220812326,0
2025-01-03 23:45:00,25.16289718649539,38.73691922712547,-9.142731891226832,0
2025-01-03 23:46:00,33.97776049571954,38.73691901488644,-9.142725861803415,1
2025-01-03 23:47:00,25.204353529840297,38.73692242418845,-9.142724608613815,0
2025-01-03 23:48:00,25.234417552556888,38.73692720572078,-9.142725946117242,0
2025-01-03 23:49:00,15.174984809911347,38.73692795990497,-9.142726395363088,1
2025-01-03 23:50:00,25.62839062397287,38.73692775996541,-9.142728150272568,0
2025-01-03 23:51:00,25.701753995456663,38.73692456869189,-9.142732959371621,0
2025-01-03 23:52:00,24.862365553559183,38.73692304785549,-9.142732334069638,0
2025-01-03 23:53:00,24.973913830111684,38.73692279438342,-9.142728769161204,0
2025-01-03 23:54:00,24.081335498466565,38.73692136425698,-9.142732030275608,0
2025-01-03 23:55:00,25.3085528536107,38.73692014445545,-9.142731919750418,0
2025-01-03 23:56:00,25.343234465028488,38.7369232952344,-9.142733333559976,0
2025-01-03 23:57:00,24.962685389800413,38.73692335281603,-9.142732290554925,0
2025-01-03 23:58:00,25.674612015922303,38.73692358924001,-9.142732635215237,0
2025-01-03 23:59:00,24.799553661412034,38.73692224085889,-9.142735355324547,0
2025-01-04 00:00:00,25.33876355553616,38.73692459594834,-9.142737317531974,0
2025-01-04 00:01:00,24.38820139678473,38.736924170791085,-9.142738978133039,0
2025-01-04 00:02:00,24.985868709475458,38.736923129063754,-9.142736289496623,0
2025-01-04 00:03:00,24.895387445258297,38.736919967562116,-9.142733702978068,0
2025-01-04 00:04:00,25.135184753224564,38.73691984535829,-9.142734325673842,0
2025-01-04 00:05:00,32.35069947293759,38.736918741242285,-9.142731870066976,1
2025-01-04 00:06:00,24.921116442597,38.73692211040178,-9.142732216434656,0
2025-01-04 00:07:00,25.495628302864905,38.73692579819916,-9.142732869760172,0
2025-01-04 00:08:00,31.421687067340464,38.73692332763817,-9.142732755524491,1
2025-01-04 00:09:00,24.03605373955679,38.736921083331694,-9.142732185873934,0
2025-01-04 00:10:00,26.049750342523254,38.73692053069242,-9.142733296763518,0
2025-01-04 00:11:00,25.82887244721429,38.736918898616636,-9.142733253032034,0
2025-01-04 00:12:00,24.22464238293663,38.736919333449784,-9.142731678387024,0
2025-01-04 00:13:00,25.413824683147116,38.736918680202805,-9.142731419307745,0
2025-01-04 00:14:00,24.698215137669195,38.736919241267486,-9.14273133374194,0
2025-01-04 00:15:00,25.158092329198634,38.736921273454534,-9.142730345381512,0
2025-01-04 00:16:00,25.176534477408097,38.73691914501151,-9.14272901196939,0
2025-01-04 00:17:00,24.859355319810206,38.73692113543396,-9.142729137201028,0
2025-01-04 00:18:00,24.52974060064816,38.73691967812913,-9.142730085563143,0
2025-01-04 00:19:00,24.585675368610243,38.736923975094825,-9.142729707156535,0
2025-01-04 00:20:00,34.042143438102414,38.73692721704676,-9.142732895083995,1
2025-01-04 00:21:00,24.50090667506173,38.73692699088609,-9.142733315727986,0
2025-01-04 00:22:00,24.959693025970388,38.7369250637192,-9.142738258847801,0
2025-01-04 00:23:00,24.57054400653355,38.73692275398724,-9.142741610431369,0
2025-01-04 00:24:00,25.409231239427573,38.736924501244246,-9.142745262803068,0
2025-01-04 00:25:00,25.892347693201557,38.73692444043871,-9.142743168099583,0
2025-01-04 00:26:00,24.651968055177974,38.736926294172484,-9.142743140135952,0
2025-01-04 00:27:00,25.143642700321227,38.73693070263042,-9.142745664233997,0
2025-01-04 00:28:00,25.29981106618176,38.736929161864545,-9.142744682101911,0
2025-01-04 00:29:00,25.283201362551566,38.736926701588054,-9.142742704792951,0
2025-01-04 00:30:00,25.04557316074965,38.736927086708526,-9.14274168782184,0
2025-01-04 00:31:00,25.445609451015834,38.73692937622775,-9.142742065242096,0
2025-01-04 00:32:00,25.289349371608395,38.73692749530717,-9.14274160026886,0
2025-01-04 00:33:00,24.257402546603622,38.736927564556645,-9.142739797275793,0
2025-01-04 00:34:00,25.521493638633565,38.73693030464397,-9.142740735767468,0
2025-01-04 00:35:00,25.532374502360046,38.73692703888829,-9.142740676033622,0
2025-01-04 00:36:00,24.54202833749285,38.736927509524214,-9.142741190419711,0
2025-01-04 00:37:00,25.02276270126856,38.736926429318025,-9.142744417251416,0
2025-01-04 00:38:00,25.40999739568664,38.73692667763121,-9.142742584115055,0
2025-01-04 00:39:00,24.87441170825238,38.73692809719979,-9.142738469571325,0
2025-01-04 00:40:00,25.643786828659607,38.736928538816805,-9.142740217160569,0
2025-01-04 00:41:00,26.418323496771617,38.736926518372,-9.142738291800098,0
2025-01-04 00:42:00,24.52840838041901,38.736925515879726,-9.142739975787658,0
2025-01-04 00:43:00,24.171373238107734,38.73692836906569,-9.142739710212028,0
2025-01-04 00:44:00,25.182291157362926,38.73692902693147,-9.14273669418748,0
2025-01-04 00:45:00,25.432937503075685,38.73693070756973,-9.14273773506545,0
2025-01-04 00:46:00,24.86148017569314,38.73693120816035,-9.14273776443828,0
2025-01-04 00:47:00,25.87195639799262,38.73693282639248,-9.142741367444273,0
2025-01-04 00:48:00,24.196836520166052,38.736932034100306,-9.142742695852961,0
2025-01-04 00:49:00,25.41575117381897,38.73693049907701,-9.142746508397604,0
2025-01-04 00:50:00,24.636483507544664,38.736932026472445,-9.142745650041364,0
2025-01-04 00:51:00,26.031626743724377,38.736934281220464,-9.142743986766247,0
2025-01-04 00:52:00,26.19550921190087,38.73693245265784,-9.14274443003602,0
2025-01-04 00:53:00,24.540006047329992,38.73693130076822,-9.142743858262085,0
2025-01-04 00:54:00,24.670265718454853,38.736930974315364,-9.142744509722997,0
2025-01-04 00:55:00,25.51575273218788,38.736934213964574,-9.142743028632264,0
2025-01-04 00:56:00,24.76772161012629,38.73693534023548,-9.142742769708393,0
2025-01-04 00:57:00,24.972753269240656,38.73693269206182,-9.142746741035106,0
2025-01-04 00:58:00,25.015233052325446,38.73693250609624,-9.142744861073469,0
2025-01-04 00:59:00,23.848196106281407,38.73693201433873,-9.142745640159058,0
2025-01-04 01:00:00,24.991697352343458,38.736929667799615,-9.142748180918002,0
2025-01-04 01:01:00,24.586163335561494,38.73692945821578,-9.142749058785945,0
2025-01-04 01:02:00,24.704126306560138,38.7369288781409,-9.142752862925242,0
2025-01-04 01:03:00,25.866179202081288,38.736928154875855,-9.142755362703864,0
2025-01-04 01:04:00,24.246095863432448,38.73692734011312,-9.142755076804645,0
2025-01-04 01:05:00,25.487923112048787,38.73693028290022,-9.142754623381272,0
2025-01-04 01:06:00,24.832622241800916,38.73692955549399,-9.142754010503603,0
2025-01-04 01:07:00,24.832143898902498,38.736929654836096,-9.142754004083868,0
2025-01-04 01:08:00,25.474223137631025,38.73692953730667,-9.142755389814115,0
2025-01-04 01:09:00,25.204030776741334,38.73692852727297,-9.142755498732393,0
2025-01-04 01:10:00,25.34236779833172,38.73692868628244,-9.142756373147288,0
2025-01-04 01:11:00,25.580910796319717,38.73692881698363,-9.142759624710484,0
2025-01-04 01:12:00,24.801214970090005,38.736928976496685,-9.142761169540467,0
2025-01-04 01:13:00,24.63265795929535,38.7369272580304,-9.142759390458004,0
2025-01-04 01:14:00,24.348909684065323,38.73692684578138,-9.1427562138697,0
2025-01-04 01:15:00,24.504753682012627,38.73692836642514,-9.142754911319612,0
2025-01-04 01:16:00,26.769456655185234,38.73692800679187,-9.14275182392409,0
2025-01-04 01:17:00,25.746807748442073,38.736928330355695,-9.142751653146869,0
2025-01-04 01:18:00,24.189355380275188,38.7369286644297,-9.1427481683947,0
2025-01-04 01:19:00,24.206525225953857,38.73692949921996,-9.142744059417819,0
2025-01-04 01:20:00,25.289119637031096,38.73693061652179,-9.142747526356816,0
2025-01-04 01:21:00,25.32835887842678,38.736930268220576,-9.142747083370201,0
2025-01-04 01:22:00,25.329330301190417,38.736928445549964,-9.142746910509823,0
2025-01-04 01:23:00,24.847026523867783,38.73692600811931,-9.142747758717453,0
2025-01-04 01:24:00,24.92472744399826,38.736928043492135,-9.142746774886378,0
2025-01-04 01:25:00,25.196727714495616,38.73692958399303,-9.14274669263624,0
2025-01-04 01:26:00,25.051535803775998,38.7369308827224,-9.142748163534081,0
2025-01-04 01:27:00,23.668419776351477,38.73693250512945,-9.142748216744291,0
2025-01-04 01:28:00,24.862120221654884,38.73693218201749,-9.142745807555132,0
2025-01-04 01:29:00,24.48915613944381,38.73693093226465,-9.142745442478939,0
2025-01-04 01:30:00,25.10512685134511,38.736928971449835,-9.142744188569443,0
2025-01-04 01:31:00,26.791155401562047,38.73692679274984,-9.142744742675642,0
2025-01-04 01:32:00,25.220488999284584,38.736929217067214,-9.142743838547622,0
2025-01-04 01:33:00,24.81188218829656,38.73692823077751,-9.142746256976684,0
2025-01-04 01:34:00,25.553080901186352,38.73693034049564,-9.142747256417682,0
2025-01-04 01:35:00,25.289612732325526,38.736929966723984,-9.1427474617549,0
2025-01-04 01:36:00,25.252056694271104,38.73692861424156,-9.14275001442674,0
2025-01-04 01:37:00,25.3641103559294,38.73692642551197,-9.142751674860179,0
2025-01-04 01:38:00,26.233926138897726,38.73692524920326,-9.142751048636642,0
2025-01-04 01:39:00,24.321466938804452,38.73692808568082,-9.142750788972808,0
